"","name","position","ovr","out","ins","pla","ath","def","reb","xbox","ps4","pc","NA"
"1",NA,"Arvydas Sabonis","C/PF",99,96,93,77,79,76,97,NA,NA,NA
"2",NA,"Dwyane Wade","SG/PG",99,99,97,99,98,99,95,NA,NA,NA
"3",NA,"Anthony Davis","PF/C",99,99,99,94,98,97,99,NA,NA,NA
"4",NA,"David Robinson","C",99,94,96,64,87,91,98,NA,NA,NA
"5",NA,"Julius Erving","SF/SG",99,97,94,92,95,93,89,NA,NA,NA
"6",NA,"Penny Hardaway","PG",99,94,85,97,88,84,75,NA,NA,NA
"7",NA,"Grant Hill","SF",99,96,89,88,93,90,79,NA,NA,NA
"8",NA,"Dominique Wilkins","SF/SG",99,96,92,85,92,86,77,NA,NA,NA
"9",NA,"Ray Allen","SG/SF",99,98,78,89,89,89,62,NA,NA,NA
"10",NA,"Tony Parker","PG/SG",99,96,69,97,89,83,55,NA,NA,NA
"11",NA,"Brandon Roy","SG/SF",99,97,87,84,92,92,77,NA,NA,NA
"12",NA,"Mark Eaton","C/PF",99,79,92,35,83,91,97,NA,NA,NA
"13",NA,"Vince Carter","SG/SF",99,96,89,93,93,85,65,NA,NA,NA
"14",NA,"Michael Jordan","SG/SF",99,97,94,95,95,94,79,NA,NA,NA
"15",NA,"Kevin Durant","SF/PF",99,97,88,92,91,91,84,NA,NA,NA
"16",NA,"Stephen Curry","PG/SG",99,99,71,99,93,88,70,NA,NA,NA
"17",NA,"Dwight Howard","C/PF",99,88,97,44,95,95,99,NA,NA,NA
"18",NA,"Derrick Rose","PG/SG",99,93,83,98,93,89,75,NA,NA,NA
"19",NA,"Tracy McGrady","SG/SF",99,98,88,93,90,92,76,NA,NA,NA
"20",NA,"James Worthy","SF/PF",99,93,96,85,94,93,96,NA,NA,NA
"21",NA,"Paul George","PF/SF",98,94,87,85,93,89,75,NA,NA,NA
"22",NA,"Chris Webber","C/PF",98,94,94,89,91,88,96,NA,NA,NA
"23",NA,"Trae Young","PG/SG",98,94,58,93,87,71,67,NA,NA,NA
"24",NA,"Giannis Antetokounmpo","PF/SF",98,93,90,86,93,91,84,NA,NA,NA
"25",NA,"Chris Paul","PG/SG",98,90,66,98,85,85,41,NA,NA,NA
"26",NA,"Kawhi Leonard","PF/SF",98,91,88,88,94,96,80,NA,NA,NA
"27",NA,"Russell Westbrook","PG/SG",98,87,77,92,96,80,68,NA,NA,NA
"28",NA,"Klay Thompson","SG/SF",98,97,69,89,90,88,58,NA,NA,NA
"29",NA,"Steve Nash","PG/SG",98,96,53,99,90,76,39,NA,NA,NA
"30",NA,"Moses Malone","C/PF",98,82,93,59,87,90,98,NA,NA,NA
"31",NA,"Rui Hachimura","PF/SF",98,91,90,83,88,83,94,NA,NA,NA
"32",NA,"Dwyane Wade","SG/PG",98,89,82,91,90,90,75,NA,NA,NA
"33",NA,"Shaquille O'Neal","C/PF",98,68,93,71,89,86,97,NA,NA,NA
"34",NA,"Jimmy Butler","SF/SG",97,83,77,85,88,88,53,NA,NA,NA
"35",NA,"Kyrie Irving","PG/SG",97,98,64,93,87,67,60,NA,NA,NA
"36",NA,"Magic Johnson","PG/SG",97,93,89,97,90,89,87,NA,NA,NA
"37",NA,"Anthony Davis","C/PF",97,95,94,72,88,86,97,NA,NA,NA
"38",NA,"Kawhi Leonard","SF/SG",97,87,77,81,86,88,54,NA,NA,NA
"39",NA,"Carmelo Anthony","SF/PF",97,95,85,83,92,85,67,NA,NA,NA
"40",NA,"Stephon Marbury","PG/SG",97,92,71,94,90,79,39,NA,NA,NA
"41",NA,"Damian Lillard","PG/SG",97,97,65,97,90,72,63,NA,NA,NA
"42",NA,"Dirk Nowitzki","PF/C",97,96,81,64,79,74,89,NA,NA,NA
"43",NA,"Giannis Antetokounmpo","PF/SF",97,90,93,86,92,93,84,NA,NA,NA
"44",NA,"Paul Millsap","PF/SF",97,92,89,79,89,89,89,NA,NA,NA
"45",NA,"Reggie Lewis","SG/SF",97,92,87,85,90,84,51,NA,NA,NA
"46",NA,"Damian Lillard","PG/SG",97,97,65,95,90,72,63,NA,NA,NA
"47",NA,"Shai Gilgeous-Alexander","SG/PG",97,92,75,92,89,80,91,NA,NA,NA
"48",NA,"Kristaps Porzingis","PF/C",97,93,87,52,81,76,89,NA,NA,NA
"49",NA,"Walt Frazier","PG/SG",97,91,74,95,92,92,51,NA,NA,NA
"50",NA,"Brandon Ingram","SF/PF",97,92,82,77,83,80,82,NA,NA,NA
"51",NA,"Lebron James","PG/SF",97,93,94,87,93,90,67,NA,NA,NA
"52",NA,"Buddy Hield","SF/SG",97,97,71,92,84,83,51,NA,NA,NA
"53",NA,"Aaron Gordon","PF/SF",97,84,93,87,93,94,90,NA,NA,NA
"54",NA,"C.J. McCollum","SG/PG",97,90,60,91,91,78,77,NA,NA,NA
"55",NA,"Drazen Petrovic","SG/SF",97,98,62,88,88,76,53,NA,NA,NA
"56",NA,"Rudy Gay","PF/SF",97,94,93,89,94,88,86,NA,NA,NA
"57",NA,"Jayson Tatum","SF/PF",97,96,76,82,86,83,54,NA,NA,NA
"58",NA,"Bradley Beal","SG/SF",97,97,69,88,89,76,47,NA,NA,NA
"59",NA,"Tracy McGrady","SG/SF",97,96,83,86,90,88,64,NA,NA,NA
"60",NA,"Bill Russell","C/PF",97,67,87,61,91,93,95,NA,NA,NA
"61",NA,"Gary Payton","PG/SG",97,89,75,93,89,89,46,NA,NA,NA
"62",NA,"James Worthy","SF/PF",97,87,93,78,88,84,91,NA,NA,NA
"63",NA,"Richard Jefferson","SF/PF",97,91,87,85,93,86,80,NA,NA,NA
"64",NA,"Larry Bird","PF/SF",97,95,79,83,88,91,85,NA,NA,NA
"65",NA,"Hakeem Olajuwon","C/PF",97,91,93,71,84,88,97,NA,NA,NA
"66",NA,"Nikola Jokic","C/PF",97,95,90,85,85,74,96,NA,NA,NA
"67",NA,"Derrick Rose","PG/SG",97,91,82,96,93,80,68,NA,NA,NA
"68",NA,"Phil Chenier","SG/PG",97,93,63,92,87,77,47,NA,NA,NA
"69",NA,"Rick Barry","SF/PF",97,94,84,90,85,81,85,NA,NA,NA
"70",NA,"Allen Iverson","SG/PG",97,95,65,94,93,78,40,NA,NA,NA
"71",NA,"Chris Bosh","C/PF",97,95,92,69,83,82,96,NA,NA,NA
"72",NA,"Shawn Marion","SF/PF",97,92,88,64,87,86,91,NA,NA,NA
"73",NA,"Klay Thompson","SG/SF",97,95,68,78,82,85,58,NA,NA,NA
"74",NA,"Tim Duncan","C/PF",97,92,94,76,83,89,98,NA,NA,NA
"75",NA,"Joe Dumars","SG/PG",97,90,59,88,87,84,42,NA,NA,NA
"76",NA,"Nate Thurmond","C/PF",97,76,85,47,86,87,96,NA,NA,NA
"77",NA,"Maurice Lucas","PF/C",97,85,85,60,80,86,97,NA,NA,NA
"78",NA,"David Thompson","SG/SF",97,90,83,82,92,81,77,NA,NA,NA
"79",NA,"Blake Griffin","PF/C",97,89,91,75,89,78,95,NA,NA,NA
"80",NA,"Serge Ibaka","PF/C",97,92,85,52,79,82,95,NA,NA,NA
"81",NA,"Dirk Nowitzki","PF/C",97,96,81,64,79,74,89,NA,NA,NA
"82",NA,"Scottie Pippen","SF/SG",97,88,82,83,85,91,81,NA,NA,NA
"83",NA,"Blake Griffin","PF/C",97,94,96,77,92,83,97,NA,NA,NA
"84",NA,"Brian Scalabrine","PF",97,96,82,77,79,76,88,NA,NA,NA
"85",NA,"Shawn Kemp","PF/C",96,84,93,47,91,85,95,NA,NA,NA
"86",NA,"Jalen Rose","SF",96,91,74,83,83,72,65,NA,NA,NA
"87",NA,"Amare Stoudemire","PF/C",96,89,92,56,80,75,93,NA,NA,NA
"88",NA,"Clyde Drexler","SG/SF",96,93,83,80,90,81,62,NA,NA,NA
"89",NA,"Baron Davis","PG",96,90,64,93,92,77,59,NA,NA,NA
"90",NA,"Jason Richardson","SG/SF",96,91,85,85,89,78,72,NA,NA,NA
"91",NA,"Shawn Kemp","PF/C",96,87,92,46,86,75,95,NA,NA,NA
"92",NA,"George Gervin","SG",96,91,85,79,89,79,82,NA,NA,NA
"93",NA,"Spencer Haywood","PF",96,86,92,69,86,73,96,NA,NA,NA
"94",NA,"Elvin Hayes","PF",96,82,89,57,79,83,98,NA,NA,NA
"95",NA,"Isiah Thomas","PG",96,90,59,98,90,79,40,NA,NA,NA
"96",NA,"Alex English","SF",96,93,87,84,87,70,62,NA,NA,NA
"97",NA,"Elgin Baylor","SF",96,93,85,78,89,80,93,NA,NA,NA
"98",NA,"Jerry West","PG",96,94,64,95,87,82,35,NA,NA,NA
"99",NA,"Patrick Ewing","C",96,88,91,61,73,76,94,NA,NA,NA
"100",NA,"Mitch Richmond","SG",96,95,76,85,89,74,57,NA,NA,NA
"101",NA,"Adrian Dantley","SG",96,91,88,84,90,75,74,NA,NA,NA
"102",NA,"Dave Cowens","C",96,90,91,63,74,83,96,NA,NA,NA
"103",NA,"Mark Price","PG",96,97,50,95,78,75,41,NA,NA,NA
"104",NA,"Bob Love","PF",96,88,87,66,82,85,93,NA,NA,NA
"105",NA,"Wes Unseld","C",96,83,96,84,86,83,98,NA,NA,NA
"106",NA,"Chris Mullin","SF",96,95,68,80,80,78,49,NA,NA,NA
"107",NA,"John Stockton","PG/SG",96,95,49,97,91,84,41,NA,NA,NA
"108",NA,"Sidney Moncrief","SG/PG",96,90,76,85,91,87,68,NA,NA,NA
"109",NA,"Rashard Lewis","PF/SF",96,95,80,81,85,78,79,NA,NA,NA
"110",NA,"Andre Drummond","C/PF",96,72,92,56,74,79,98,NA,NA,NA
"111",NA,"Damian Lillard","PG/SG",96,94,63,94,88,68,45,NA,NA,NA
"112",NA,"Peja Stojakovic","SF/PF",96,97,66,84,77,78,55,NA,NA,NA
"113",NA,"Bill Walton","C/PF",96,78,88,80,73,81,96,NA,NA,NA
"114",NA,"Bernard King","SF/SG",96,90,85,81,87,79,69,NA,NA,NA
"115",NA,"Wilt Chamberlain","C/PF",96,77,94,61,84,81,97,NA,NA,NA
"116",NA,"Rolando Blackman","SF/SG",96,93,78,84,87,77,53,NA,NA,NA
"117",NA,"Mark Price","PG/SG",96,98,53,95,82,75,41,NA,NA,NA
"118",NA,"James Harden","SG/PG",96,92,79,94,88,76,53,NA,NA,NA
"119",NA,"Zach Lavine","SG/SF",96,94,74,84,86,79,46,NA,NA,NA
"120",NA,"Devin Booker","SG/PG",96,95,60,88,84,71,44,NA,NA,NA
"121",NA,"Giannis Antetokounmpo","PF/SF",96,90,89,86,92,90,84,NA,NA,NA
"122",NA,"Bob Pettit","PF/C",96,94,91,65,79,74,97,NA,NA,NA
"123",NA,"Gilbert Arenas","PG/SG",96,95,80,94,94,73,58,NA,NA,NA
"124",NA,"Yao Ming","C/PF",96,92,88,61,63,71,96,NA,NA,NA
"125",NA,"James Harden","SG/SF",96,90,78,93,89,68,49,NA,NA,NA
"126",NA,"Anthony Davis","PF/C",96,84,91,66,85,84,80,NA,NA,NA
"127",NA,"Lebron James","PF/SF",96,86,88,92,91,75,59,NA,NA,NA
"128",NA,"Kawhi Leonard","SF/PF",96,89,78,81,84,88,60,NA,NA,NA
"129",NA,"Giannis Antetokounmpo","PF/C",96,83,88,86,88,84,89,NA,NA,NA
"130",NA,"Zion Williamson","PF/SF",96,82,90,77,89,83,91,NA,NA,NA
"131",NA,"Khris Middleton","SF/SG",96,95,67,84,83,75,77,NA,NA,NA
"132",NA,"Eric Gordon","SG/SF",96,89,67,86,89,74,34,NA,NA,NA
"133",NA,"Trae Young","PG/SG",96,94,57,93,86,69,67,NA,NA,NA
"134",NA,"Kyrie Irving","PG",96,96,63,93,85,62,60,NA,NA,NA
"135",NA,"Russell Westbrook","PG/SG",96,92,76,92,93,75,68,NA,NA,NA
"136",NA,"Jayson Tatum","SF/PF",96,95,75,82,86,83,54,NA,NA,NA
"137",NA,"Marc Gasol","C/PF",95,93,87,67,72,85,91,NA,NA,NA
"138",NA,"Scottie Pippen","SF/PF",95,84,76,80,83,91,71,NA,NA,NA
"139",NA,"Victor Oladipo","SG/PG",95,90,64,79,89,84,52,NA,NA,NA
"140",NA,"Kristaps Porzingis","PF/C",95,92,85,52,78,72,89,NA,NA,NA
"141",NA,"Karl Malone","C/PF",95,91,92,65,86,86,96,NA,NA,NA
"142",NA,"Donovan Mitchell","SG/PG",95,93,67,87,89,82,44,NA,NA,NA
"143",NA,"Andrei Kirilenko","SF/PF",95,79,76,86,79,90,85,NA,NA,NA
"144",NA,"Chris Paul","PG/SG",95,93,59,95,83,79,41,NA,NA,NA
"145",NA,"Stephen Curry","PG/SG",95,95,58,96,83,67,54,NA,NA,NA
"146",NA,"Kevin Durant","SF/PF",95,92,80,80,79,74,51,NA,NA,NA
"147",NA,"Luka Doncic","SG/SF",95,90,76,90,84,62,81,NA,NA,NA
"148",NA,"Derrick Jones Jr.","PF/SF",95,87,76,88,94,90,90,NA,NA,NA
"149",NA,"Miles Bridges","PF/SF",95,83,91,87,93,90,84,NA,NA,NA
"150",NA,"Bam Adebayo","C/PF",95,91,87,82,88,89,95,NA,NA,NA
"151",NA,"Ja Morant","PG/SG",95,91,63,93,88,69,76,NA,NA,NA
"152",NA,"Kelly Oubre Jr.","SF/PF",95,96,65,83,89,87,79,NA,NA,NA
"153",NA,"Ben Simmons","PG/PF",95,85,92,90,93,90,80,NA,NA,NA
"154",NA,"Chauncey Billups","PG/SG",95,91,58,94,91,86,41,NA,NA,NA
"155",NA,"Lamarcus Aldridge","PF/C",95,84,89,65,82,76,92,NA,NA,NA
"156",NA,"Rex Champman","PG/SG",95,95,69,93,91,85,47,NA,NA,NA
"157",NA,"Lonzo Ball","PG/SG",95,79,66,92,87,84,53,NA,NA,NA
"158",NA,"Gerald Wallace","PF/SF",95,87,80,85,90,93,77,NA,NA,NA
"159",NA,"Paul Pierce","PF/SF",95,94,86,84,91,83,72,NA,NA,NA
"160",NA,"Demarcus Cousins","C/PF",95,92,94,72,83,70,95,NA,NA,NA
"161",NA,"Demar Derozan","SG/SF",95,90,86,81,91,77,76,NA,NA,NA
"162",NA,"Zach Randolph","PF/C",95,92,89,51,80,73,96,NA,NA,NA
"163",NA,"Kyle Lowry","PG/SG",95,91,56,92,90,83,46,NA,NA,NA
"164",NA,"Jayson Tatum","SF/PF",95,95,73,82,84,74,54,NA,NA,NA
"165",NA,"Oscar Robertson","PG/SG",95,92,77,93,85,79,63,NA,NA,NA
"166",NA,"Shai Gilgeous-Alexander","SG/PG",95,90,74,90,89,80,57,NA,NA,NA
"167",NA,"Zion Williamson","PF/SF",95,81,90,72,89,83,91,NA,NA,NA
"168",NA,"Danny Granger","SF/SG",95,93,76,83,87,77,58,NA,NA,NA
"169",NA,"J.R Smith","SG/PG",95,92,69,92,85,77,40,NA,NA,NA
"170",NA,"Josh Smith","PF/SF",95,82,89,80,90,91,86,NA,NA,NA
"171",NA,"Jason Terry","PG/SG",95,95,67,95,89,77,45,NA,NA,NA
"172",NA,"Anthony Davis","C/PF",95,89,94,66,85,82,96,NA,NA,NA
"173",NA,"Giannis Antetokounmpo","SF/PF",95,86,88,86,89,88,84,NA,NA,NA
"174",NA,"Pascal Siakam","PF/SF",95,91,83,70,85,86,94,NA,NA,NA
"175",NA,"Draymond Green","PF/C",95,86,77,85,86,90,81,NA,NA,NA
"176",NA,"Eddie Johnson","SG/SF",95,93,70,83,84,78,43,NA,NA,NA
"177",NA,"Michael Jordan","SG/SF",95,93,84,76,89,88,50,NA,NA,NA
"178",NA,"Lamar Odom","SF/PF",95,89,80,83,86,85,93,NA,NA,NA
"179",NA,"Ben Simmons","PG/PF",95,85,92,90,93,90,80,NA,NA,NA
"180",NA,"Stephen Curry","PG/SG",95,95,58,96,84,69,49,NA,NA,NA
"181",NA,"Kemba Walker","PG/SG",95,95,57,91,85,74,44,NA,NA,NA
"182",NA,"Jimmy Butler","SF/SG",95,86,76,85,85,87,53,NA,NA,NA
"183",NA,"Bob Love","PF/SF",95,91,88,69,83,89,88,NA,NA,NA
"184",NA,"James Harden","SG",95,92,74,91,86,64,47,NA,NA,NA
"185",NA,"Dave Bing","PG/SG",95,91,63,93,89,74,45,NA,NA,NA
"186",NA,"Jo Jo White","PG/SG",95,92,66,94,88,79,30,NA,NA,NA
"187",NA,"Luka Doncic","SF/SG",95,93,65,87,85,72,82,NA,NA,NA
"188",NA,"Dominique Wilkins","SF/SG",95,91,84,80,88,79,77,NA,NA,NA
"189",NA,"James Harden","SG/PG",95,95,73,90,85,71,47,NA,NA,NA
"190",NA,"Luka Doncic","SF/PG",95,93,65,87,85,72,82,NA,NA,NA
"191",NA,"Bradley Beal","SG/SF",95,94,67,85,84,72,47,NA,NA,NA
"192",NA,"Kevin Love","PF/C",95,94,84,66,68,62,95,NA,NA,NA
"193",NA,"Lou Hudson","SF/SG",95,94,76,83,88,74,41,NA,NA,NA
"194",NA,"Steve Francis","PG/SG",95,91,73,94,88,77,57,NA,NA,NA
"195",NA,"Dikembe Mutombo","C/PF",95,68,84,40,74,77,95,NA,NA,NA
"196",NA,"George Mikan","C/PF",95,88,90,53,73,74,94,NA,NA,NA
"197",NA,"Doug West","SG/SF",95,91,86,85,88,79,67,NA,NA,NA
"198",NA,"Magic Johnson","PG",95,88,84,97,85,86,87,NA,NA,NA
"199",NA,"Sidney Moncrief","SG",94,87,76,82,91,83,68,NA,NA,NA
"200",NA,"Chris Webber","PF/C",94,89,90,77,82,75,92,NA,NA,NA
"201",NA,"Richard Hamilton","SG",94,94,67,83,81,78,43,NA,NA,NA
"202",NA,"Jamal Crawford","SG/PG",94,93,64,92,84,63,40,NA,NA,NA
"203",NA,"Larry Bird","SF/PF",94,92,73,81,84,75,85,NA,NA,NA
"204",NA,"Antawn Jamison","PF/SF",94,89,87,69,79,74,88,NA,NA,NA
"205",NA,"Eddie Jones","SG/SF",94,92,70,83,84,82,43,NA,NA,NA
"206",NA,"Glen Rice","SF",94,95,79,73,80,74,67,NA,NA,NA
"207",NA,"Calvin Murphy","PG",94,92,57,95,91,74,37,NA,NA,NA
"208",NA,"Ben Wallace","C",94,61,76,52,73,86,98,NA,NA,NA
"209",NA,"Bob Lanier","C",94,83,90,62,75,69,97,NA,NA,NA
"210",NA,"Kiki Vandeweghe","SF",94,94,73,78,77,63,63,NA,NA,NA
"211",NA,"Pau Gasol","C",94,89,88,68,70,71,91,NA,NA,NA
"212",NA,"Larry Johnson","PF",94,90,87,74,82,74,89,NA,NA,NA
"213",NA,"Jerry Lucas","PF",94,93,89,70,74,70,97,NA,NA,NA
"214",NA,"Gordon Hayward","SF",94,91,74,77,77,75,70,NA,NA,NA
"215",NA,"Tim Hardaway","PG",94,92,55,92,90,76,43,NA,NA,NA
"216",NA,"Bob Cousy","PG",94,94,61,96,87,76,74,NA,NA,NA
"217",NA,"Artis Gilmore","C",94,77,88,52,71,78,95,NA,NA,NA
"218",NA,"George McGinnis","PF",94,84,88,59,71,67,95,NA,NA,NA
"219",NA,"Bobby Jones","PF",94,63,73,65,72,93,78,NA,NA,NA
"220",NA,"Luka Doncic","SF/SG",94,91,64,85,84,69,59,NA,NA,NA
"221",NA,"Brandon Roy","SG/SF",94,92,82,82,86,77,48,NA,NA,NA
"222",NA,"Julius Erving","SF",94,87,82,81,89,83,59,NA,NA,NA
"223",NA,"Willis Reed","C/PF",94,84,91,52,83,80,94,NA,NA,NA
"224",NA,"Clint Capela","C",94,69,81,39,74,77,98,NA,NA,NA
"225",NA,"Marques Johnson","SF/SG",94,89,84,80,88,78,75,NA,NA,NA
"226",NA,"Steve Smith","SG/SF",94,95,73,86,85,77,69,NA,NA,NA
"227",NA,"Larry Nance","PF/SF",94,84,84,60,82,90,86,NA,NA,NA
"228",NA,"Anthony Davis","C/PF",94,89,93,62,84,76,96,NA,NA,NA
"229",NA,"Giannis Antetokounmpo","SF/PF",94,85,86,84,88,88,84,NA,NA,NA
"230",NA,"D'Angelo Russell","SG/PG",94,93,65,87,77,65,59,NA,NA,NA
"231",NA,"Devin Booker","SG/SF",94,94,60,85,81,59,44,NA,NA,NA
"232",NA,"Austin Carr","SG/SF",94,91,71,84,84,78,43,NA,NA,NA
"233",NA,"Kevin Durant","SF/PF",94,93,79,76,78,77,45,NA,NA,NA
"234",NA,"Jamal Mashburn","SF/PF",94,90,89,76,84,75,85,NA,NA,NA
"235",NA,"Lebron James","SF/PF",94,89,84,84,90,84,67,NA,NA,NA
"236",NA,"Trae Young","PG/SG",94,92,56,93,85,69,67,NA,NA,NA
"237",NA,"John Wall","PG/SG",94,88,66,92,91,78,41,NA,NA,NA
"238",NA,"Paul George","SF/SG",94,90,76,80,87,86,59,NA,NA,NA
"239",NA,"Kyrie Irving","PG",94,92,63,93,85,59,60,NA,NA,NA
"240",NA,"Joel Embiid","C/PF",94,89,91,50,82,78,93,NA,NA,NA
"241",NA,"Kobe Bryant","SG/SF",94,89,75,78,88,84,50,NA,NA,NA
"242",NA,"Jaren Jackson JR.","PF/C",94,91,87,41,79,77,94,NA,NA,NA
"243",NA,"Nikola Jokic","C",94,91,89,81,77,61,92,NA,NA,NA
"244",NA,"Carmelo Anthony","SF/PF",94,95,81,79,89,72,62,NA,NA,NA
"245",NA,"Vince Carter","SG/SF",94,92,80,76,90,77,65,NA,NA,NA
"246",NA,"Russell Westbrook","PG/SG",94,89,75,88,93,75,68,NA,NA,NA
"247",NA,"Jamaal Wilkes","SF/SG",94,81,84,77,89,87,75,NA,NA,NA
"248",NA,"Spencer Dinwiddie","SF/PF",94,92,65,88,85,61,55,NA,NA,NA
"249",NA,"Rajon Rondo","PG/SG",94,76,59,95,87,80,56,NA,NA,NA
"250",NA,"Jamal Murray","PG/SG",94,95,64,89,84,72,46,NA,NA,NA
"251",NA,"Kyle Kuzma","PF/SF",94,90,80,78,81,68,83,NA,NA,NA
"252",NA,"Marcus Smart","SG/PG",94,79,58,89,89,86,42,NA,NA,NA
"253",NA,"Ben Simmons","PG/PF",94,80,91,90,92,90,77,NA,NA,NA
"254",NA,"Isaiah Rider","SG/SF",94,90,82,86,89,70,49,NA,NA,NA
"255",NA,"Brook Lopez","C/PF",94,92,84,50,71,68,93,NA,NA,NA
"256",NA,"Antoine Walker","PF/SF",94,89,86,71,87,79,87,NA,NA,NA
"257",NA,"Patrick Beverley","PG/SG",94,86,50,90,88,89,65,NA,NA,NA
"258",NA,"Buddy Hield","SG/SF",94,96,56,82,81,70,51,NA,NA,NA
"259",NA,"Damian Lillard","PG/SG",93,94,62,94,87,58,41,NA,NA,NA
"260",NA,"Jerry West","PG/SG",93,91,62,89,87,79,35,NA,NA,NA
"261",NA,"Donovan Mitchell","SG/PG",93,91,67,87,86,74,44,NA,NA,NA
"262",NA,"Karl-Anthony Towns","C/PF",93,94,90,66,85,66,87,NA,NA,NA
"263",NA,"Jaylen Brown","SG/SF",93,91,71,84,87,79,69,NA,NA,NA
"264",NA,"Pascal Siakam","PF",93,86,82,70,80,74,94,NA,NA,NA
"265",NA,"Sleepy Floyd","PG",93,90,64,94,82,70,32,NA,NA,NA
"266",NA,"Jason Williams","PG",93,92,50,97,79,68,36,NA,NA,NA
"267",NA,"Cliff Hagan","SF/SG",93,90,78,81,82,78,83,NA,NA,NA
"268",NA,"Alonzo Mourning","C/PF",93,80,90,49,75,84,94,NA,NA,NA
"269",NA,"Earl Monroe","PG/SG",93,92,62,92,88,73,35,NA,NA,NA
"270",NA,"Michael Jordan","SG/SF",93,93,84,84,87,88,50,NA,NA,NA
"271",NA,"J.R Smith","SG/SF",93,87,65,80,80,74,40,NA,NA,NA
"272",NA,"Dale Ellis","SG/SG",93,94,73,81,80,66,58,NA,NA,NA
"273",NA,"Drazen Petrovic","SG",93,96,56,77,75,64,53,NA,NA,NA
"274",NA,"Jamal Mashburn","SF",93,90,85,76,84,72,78,NA,NA,NA
"275",NA,"Lou Hudson","SG",93,93,75,83,85,71,41,NA,NA,NA
"276",NA,"Bob McAdoo","C/PF",93,77,95,80,79,80,97,NA,NA,NA
"277",NA,"Jerry Stackhouse","SG/SF",93,91,84,80,87,75,65,NA,NA,NA
"278",NA,"John Havlicek","SF/SG",92,91,75,80,83,83,69,NA,NA,NA
"279",NA,"Jerry Sloan","SG/SF",92,88,63,75,80,82,68,NA,NA,NA
"280",NA,"Paul Pierce","SF/PF",92,92,75,79,79,78,49,NA,NA,NA
"281",NA,"Nick Van Exel","PG/SG",92,92,56,90,86,64,41,NA,NA,NA
"282",NA,"Billy Cunningham","SF/PF",92,87,89,79,85,79,94,NA,NA,NA
"283",NA,"Scottie Pippen","SF/PF",92,78,76,80,80,83,64,NA,NA,NA
"284",NA,"Hakeem Olajuwon","C/PF",92,74,81,56,76,78,92,NA,NA,NA
"285",NA,"Rudy Tomjanovich","SF/PF",92,91,82,72,82,77,84,NA,NA,NA
"286",NA,"Christian Laettner","PF/C",92,90,82,60,72,64,88,NA,NA,NA
"287",NA,"James Silas","SG/PG",92,90,64,87,84,74,60,NA,NA,NA
"288",NA,"Karl Malone","PF/C",92,84,86,65,72,74,87,NA,NA,NA
"289",NA,"Gilbert Arenas","PG/SG",92,90,77,87,91,73,58,NA,NA,NA
"290",NA,"Purvis Short","SF/SG",92,91,79,78,80,75,53,NA,NA,NA
"291",NA,"Antonio Davis","C/PF",92,78,86,49,74,75,88,NA,NA,NA
"292",NA,"Brandon Ingram","SF/PF",92,89,80,75,81,71,82,NA,NA,NA
"293",NA,"Bruce Bowen","SF/SG",92,88,59,78,77,83,42,NA,NA,NA
"294",NA,"David Robinson","C/PF",92,85,85,48,78,79,81,NA,NA,NA
"295",NA,"Andrew Wiggins","SF/SG",92,88,77,75,84,78,48,NA,NA,NA
"296",NA,"Kevin McHale","PF/C",92,85,85,64,70,75,87,NA,NA,NA
"297",NA,"Jayson Tatum","SF/PF",92,93,72,80,81,73,54,NA,NA,NA
"298",NA,"Chris Paul","PG",92,86,59,95,83,78,41,NA,NA,NA
"299",NA,"Vince Carter","SG/SF",92,90,77,76,86,73,65,NA,NA,NA
"300",NA,"Geoff Petrie","SG/PG",92,90,68,84,85,77,52,NA,NA,NA
"301",NA,"Nikola Vucevic","C",92,93,84,57,69,65,93,NA,NA,NA
"302",NA,"Jaren Jackson JR.","PF/C",92,88,86,41,79,76,92,NA,NA,NA
"303",NA,"Bam Adebayo","C/PF",92,78,79,76,84,85,95,NA,NA,NA
"304",NA,"Devonte Graham","PG/SG",92,91,55,85,84,65,40,NA,NA,NA
"305",NA,"Joakim Noah","C/PF",92,66,73,52,79,80,94,NA,NA,NA
"306",NA,"Elton Brand","PF/C",92,84,87,54,75,71,96,NA,NA,NA
"307",NA,"Buddy Hield","SG/SF",92,95,53,82,79,70,51,NA,NA,NA
"308",NA,"Tony Allen","SG/SF",92,69,70,81,87,87,64,NA,NA,NA
"309",NA,"Hedo Turkoglu","SF/PF",92,91,83,84,80,67,73,NA,NA,NA
"310",NA,"Deandre Ayton","C/PF",92,81,83,61,81,73,94,NA,NA,NA
"311",NA,"Penny Hardaway","PG/SG",92,86,78,87,85,78,75,NA,NA,NA
"312",NA,"Grant Hill","SF",92,87,77,83,83,81,75,NA,NA,NA
"313",NA,"Hassan Whiteside","C",92,67,77,49,74,72,97,NA,NA,NA
"314",NA,"Rudy Gobert","C",92,68,80,38,74,82,95,NA,NA,NA
"315",NA,"Kelly Oubre Jr.","SF/PF",92,94,65,81,88,81,79,NA,NA,NA
"316",NA,"Marcus Morris SR","PF/SF",92,92,73,55,86,84,74,NA,NA,NA
"317",NA,"Lonzo Ball","PG",92,84,64,89,83,75,53,NA,NA,NA
"318",NA,"P.J. Brown","C/PF",92,74,82,47,66,82,94,NA,NA,NA
"319",NA,"Kirk Hinrich","PG/SG",92,79,48,92,81,79,41,NA,NA,NA
"320",NA,"Jermaine O'Neal","PF/C",92,88,89,60,73,67,89,NA,NA,NA
"321",NA,"Kenyon Martin","PF/C",92,78,80,51,83,80,94,NA,NA,NA
"322",NA,"Caris Levert","SG/SF",92,92,73,81,86,71,46,NA,NA,NA
"323",NA,"Shaquille O'Neal","C/PF",92,62,85,71,83,81,93,NA,NA,NA
"324",NA,"Terrence Davis","SG/PG",92,92,65,84,84,71,55,NA,NA,NA
"325",NA,"Kevin Martin","SG/SF",92,95,65,84,75,70,41,NA,NA,NA
"326",NA,"Lance Stephenson","SG/SF",92,77,74,93,87,79,86,NA,NA,NA
"327",NA,"John Collins","PF/C",92,85,88,54,82,72,91,NA,NA,NA
"328",NA,"Tyson Chandler","C/PF",92,67,83,47,70,79,95,NA,NA,NA
"329",NA,"Domantas Sabonis","C/PF",92,91,87,81,78,64,96,NA,NA,NA
"330",NA,"Andrea Bargnani","C/PF",92,92,85,61,77,72,87,NA,NA,NA
"331",NA,"Tristan Thompson","C/PF",92,76,82,47,80,65,94,NA,NA,NA
"332",NA,"Myles Turner","C/PF",92,90,84,45,75,81,89,NA,NA,NA
"333",NA,"Coby White","PG/SG",92,87,65,90,88,75,42,NA,NA,NA
"334",NA,"Reggie Jackson","PG",92,92,61,92,89,83,58,NA,NA,NA
"335",NA,"Tom Chambers","PF/SF",92,91,89,63,77,62,92,NA,NA,NA
"336",NA,"Alex Caruso","PG/SG",92,89,63,86,81,79,46,NA,NA,NA
"337",NA,"David Thompson","SG/SF",92,88,80,82,91,76,77,NA,NA,NA
"338",NA,"John Starks","SG/PG",91,88,64,83,84,76,38,NA,NA,NA
"339",NA,"Jalen Brunson","PG/SG",91,92,65,88,81,69,47,NA,NA,NA
"340",NA,"Harrison Barnes","SF/PF",91,87,76,81,85,75,67,NA,NA,NA
"341",NA,"Kyrie Irving","PG/SG",91,92,63,92,81,65,52,NA,NA,NA
"342",NA,"Paul George","SG/SF",91,88,73,80,81,84,52,NA,NA,NA
"343",NA,"Joel Embiid","C",91,86,89,50,78,73,83,NA,NA,NA
"344",NA,"Antonio McDyess","PF/C",91,81,89,42,75,74,89,NA,NA,NA
"345",NA,"Gail Goodrich","SG/PG",91,93,55,80,75,72,35,NA,NA,NA
"346",NA,"Dennis Schroder","PG/SG",91,84,54,93,85,72,43,NA,NA,NA
"347",NA,"Maurice Cheeks","PG/SG",91,83,49,92,84,83,39,NA,NA,NA
"348",NA,"Tobias Harris","SF/PF",91,93,78,82,80,75,74,NA,NA,NA
"349",NA,"Jonas Valanciunas","C",91,82,78,46,73,66,95,NA,NA,NA
"350",NA,"Darren Collison","PG/SG",91,92,54,89,81,70,42,NA,NA,NA
"351",NA,"Carlos Boozer","PF/C",91,82,85,56,72,66,95,NA,NA,NA
"352",NA,"Spencer Dinwiddie","SG/PG",91,90,62,87,77,60,55,NA,NA,NA
"353",NA,"Josh Richardson","SG/SF",91,91,60,72,84,82,42,NA,NA,NA
"354",NA,"Andrew Bogut","C",91,75,80,53,73,74,92,NA,NA,NA
"355",NA,"Zach Lavine","SG/SF",91,90,72,84,84,68,46,NA,NA,NA
"356",NA,"Joe Smith","PF/SF",91,90,86,76,78,80,88,NA,NA,NA
"357",NA,"A.C. Green","PF/SF",91,86,81,68,82,86,91,NA,NA,NA
"358",NA,"Rudy Gobert","C",91,68,79,38,63,80,89,NA,NA,NA
"359",NA,"Malcolm Brogdon","PG/SG",91,94,63,91,84,77,49,NA,NA,NA
"360",NA,"Bojan Bogdanovic","SF/PF",91,93,71,76,80,72,45,NA,NA,NA
"361",NA,"Chuck Person","SF/PF",91,91,77,78,81,73,72,NA,NA,NA
"362",NA,"Shai Gilgeous-Alexander","SG/PG",91,81,73,88,86,80,57,NA,NA,NA
"363",NA,"World B. Free","PG/SG",91,93,67,88,85,68,44,NA,NA,NA
"364",NA,"Bryant Reeves","C/PF",91,84,85,59,73,70,86,NA,NA,NA
"365",NA,"Tracy McGrady","SG/SF",91,90,79,76,85,74,64,NA,NA,NA
"366",NA,"Junior Bridgeman","SF/SG",91,90,67,84,87,74,66,NA,NA,NA
"367",NA,"Darrell Griffith","SG/SF",91,90,75,82,84,76,43,NA,NA,NA
"368",NA,"Xavier McDaniel","SF/PF",91,86,82,77,81,77,80,NA,NA,NA
"369",NA,"Kobe Bryant","SG/SF",91,87,75,78,86,72,50,NA,NA,NA
"370",NA,"Michael Jordan","SG/SF",91,88,79,76,87,82,50,NA,NA,NA
"371",NA,"Desmond Mason","SG/SF",91,88,74,81,86,72,48,NA,NA,NA
"372",NA,"Isaiah Thomas","PG",91,89,51,90,84,62,45,NA,NA,NA
"373",NA,"Jason Kidd","PG",91,81,54,94,87,75,50,NA,NA,NA
"374",NA,"Carmelo Anthony","SF/PF",91,91,76,79,83,67,62,NA,NA,NA
"375",NA,"Allan Houston","SG",91,94,65,82,79,69,43,NA,NA,NA
"376",NA,"Sam Jones","SG",91,93,65,80,84,71,48,NA,NA,NA
"377",NA,"Caron Butler","SF",91,92,72,76,81,65,46,NA,NA,NA
"378",NA,"Michael Redd","SG",91,93,67,80,77,71,42,NA,NA,NA
"379",NA,"Brian Winters","SG",91,91,64,78,80,74,50,NA,NA,NA
"380",NA,"Tom Gugliotta","PF",91,86,85,66,79,69,88,NA,NA,NA
"381",NA,"Kevin Johnson","PG",91,89,66,90,83,72,49,NA,NA,NA
"382",NA,"Michael Redd","SG",91,93,67,80,77,71,42,NA,NA,NA
"383",NA,"Richard Jefferson","SF",91,90,74,72,83,69,43,NA,NA,NA
"384",NA,"Derrick Coleman","PF",91,88,83,59,68,70,89,NA,NA,NA
"385",NA,"Norm Nixon","PG",91,90,60,89,86,74,44,NA,NA,NA
"386",NA,"Magic Johnson","C",91,85,82,87,82,80,87,NA,NA,NA
"387",NA,"Richie Guerin","PG",91,91,75,83,84,77,68,NA,NA,NA
"388",NA,"Rudy Gay","SF",91,88,83,71,79,60,57,NA,NA,NA
"389",NA,"Shane Battier","SF",91,84,59,71,76,83,57,NA,NA,NA
"390",NA,"Deandre Jordan","C",91,61,77,41,75,78,95,NA,NA,NA
"391",NA,"Robert Parish","C",91,74,88,50,67,78,96,NA,NA,NA
"392",NA,"Bill Russell","C",91,66,80,61,83,84,85,NA,NA,NA
"393",NA,"Thurl Bailey","PF",90,84,79,71,80,68,78,NA,NA,NA
"394",NA,"Reggie Theus","PG",90,89,76,89,79,74,56,NA,NA,NA
"395",NA,"Otis Birdsong","SG/PG",90,90,60,85,84,72,41,NA,NA,NA
"396",NA,"Stephen Curry","PG",90,90,54,91,78,60,44,NA,NA,NA
"397",NA,"Tim Duncan","PF/C",90,77,82,49,61,69,83,NA,NA,NA
"398",NA,"Walter Davis","SG/SF",90,74,85,37,77,69,90,NA,NA,NA
"399",NA,"Steve Nash","PG",90,89,48,93,84,66,39,NA,NA,NA
"400",NA,"Stephen Curry","PG",90,97,59,96,86,73,45,NA,NA,NA
"401",NA,"Brandon Roy","SG",90,91,81,82,87,77,48,NA,NA,NA
"402",NA,"Carmelo Anthony","SF/PF",90,91,80,79,87,67,60,NA,NA,NA
"403",NA,"Gilbert Arenas","PG",90,91,77,92,94,78,58,NA,NA,NA
"404",NA,"Bobby Jones","PF",90,63,73,65,72,87,78,NA,NA,NA
"405",NA,"Giannis Antetokounmpo","SF/PF",90,78,77,80,82,80,74,NA,NA,NA
"406",NA,"Kevin Durant","SF/PF",90,88,74,74,73,68,45,NA,NA,NA
"407",NA,"Kawhi Leonard","SF/PF",90,83,71,72,76,79,50,NA,NA,NA
"408",NA,"Paul George","SF",90,83,66,73,76,79,52,NA,NA,NA
"409",NA,"Anthony Davis","C/PF",90,83,87,62,81,78,83,NA,NA,NA
"410",NA,"Lebron James","SF/PF",90,80,79,84,83,67,52,NA,NA,NA
"411",NA,"James Harden","SG",90,87,72,87,83,64,47,NA,NA,NA
"412",NA,"Ray Allen","SG/SF",90,94,65,78,79,69,44,NA,NA,NA
"413",NA,"Julius Erving","SF",90,82,77,81,87,80,59,NA,NA,NA
"414",NA,"Davis Bertans","PF/SF",90,92,71,51,73,64,77,NA,NA,NA
"415",NA,"Campy Russel","SF/SG",90,89,67,77,75,65,55,NA,NA,NA
"416",NA,"Karl-Anthony Towns","C/PF",90,88,87,68,82,63,83,NA,NA,NA
"417",NA,"Trae Young","PG/SG",90,89,56,94,79,49,45,NA,NA,NA
"418",NA,"Nikola Jokic","C/PF",90,88,89,81,74,58,78,NA,NA,NA
"419",NA,"Klay Thompson","SG/SF",89,90,66,78,75,78,42,NA,NA,NA
"420",NA,"Russell Westbrook","PG/SG",89,79,72,87,93,70,60,NA,NA,NA
"421",NA,"Jimmy Butler","SG/SF",89,79,69,83,81,83,61,NA,NA,NA
"422",NA,"Kenny Walker","SF/PF",89,81,83,82,89,75,72,NA,NA,NA
"423",NA,"Furkan Korkmaz","SF/SG",89,92,64,85,82,69,69,NA,NA,NA
"424",NA,"Luke Ridnour","PG/SG",89,91,47,92,78,72,41,NA,NA,NA
"425",NA,"Derrick Jones Jr.","SF/PF",89,79,71,81,85,81,79,NA,NA,NA
"426",NA,"D'Angelo Russell","SG/PG",89,85,60,78,76,65,59,NA,NA,NA
"427",NA,"Jason Richardson","SG/SF",89,88,78,79,84,72,62,NA,NA,NA
"428",NA,"Dennis Smith JR.","PG/SG",89,85,59,89,82,71,41,NA,NA,NA
"429",NA,"Carmelo Anthony","SF/PF",89,90,74,78,81,67,62,NA,NA,NA
"430",NA,"Amare Stoudemire","PF/C",89,80,83,56,74,70,87,NA,NA,NA
"431",NA,"Jordan Clarkson","SG/PG",89,89,61,85,82,67,47,NA,NA,NA
"432",NA,"Iman Shumpert","SG/PG",89,79,59,84,85,78,46,NA,NA,NA
"433",NA,"Kenneth Faried","C/PF",89,81,85,49,86,76,96,NA,NA,NA
"434",NA,"Robert Pack","PG/SG",89,89,64,90,86,73,39,NA,NA,NA
"435",NA,"Jeff Green","PF/SF",89,80,89,83,88,85,77,NA,NA,NA
"436",NA,"Robert Horry","SF/PF",89,92,74,58,74,75,71,NA,NA,NA
"437",NA,"T.J. Warren","SF/PF",89,87,74,78,77,71,46,NA,NA,NA
"438",NA,"Evan Fournier","SG/SF",89,92,56,79,79,66,41,NA,NA,NA
"439",NA,"B.J. Armstrong","PG/SG",89,91,49,86,80,55,39,NA,NA,NA
"440",NA,"Rui Hachimura","PF/SF",89,88,84,75,85,73,82,NA,NA,NA
"441",NA,"Jrue Holiday","SG/PG",89,82,55,82,77,75,47,NA,NA,NA
"442",NA,"Tacko Fall","C",89,73,78,46,61,60,94,NA,NA,NA
"443",NA,"Zion Williamson","PF/SF",89,72,81,69,89,74,81,NA,NA,NA
"444",NA,"Moses Malone","C/PF",89,77,83,59,62,69,87,NA,NA,NA
"445",NA,"Michael Cooper","SG/SF",89,84,66,68,80,84,45,NA,NA,NA
"446",NA,"Jamal Murray","PG/SG",89,94,60,89,82,68,46,NA,NA,NA
"447",NA,"Charles Oakley","PF/C",89,85,66,70,72,78,90,NA,NA,NA
"448",NA,"Deandre Jordan","C/PF",89,61,77,41,74,76,92,NA,NA,NA
"449",NA,"Shaun Livingston","PG/SG",89,84,76,88,84,79,47,NA,NA,NA
"450",NA,"Markelle Fultz","PG/SG",89,88,67,90,89,76,54,NA,NA,NA
"451",NA,"Hot Rod Williams","PF/C",89,72,81,45,76,75,76,NA,NA,NA
"452",NA,"Jimmer Fredette","PG/SG",89,93,49,88,83,62,32,NA,NA,NA
"453",NA,"Dion Waiters","SG/PG",89,79,67,86,86,75,39,NA,NA,NA
"454",NA,"Dante Exum","PG/SG",89,75,54,88,82,74,42,NA,NA,NA
"455",NA,"Shawn Kemp","PF/C",89,80,86,46,80,71,83,NA,NA,NA
"456",NA,"Kelly Oubre Jr.","SF/PF",89,91,64,78,81,80,79,NA,NA,NA
"457",NA,"Alvan Adams","C/PF",89,89,82,50,76,69,92,NA,NA,NA
"458",NA,"Tiago Splitter","C/PF",89,78,80,41,72,69,89,NA,NA,NA
"459",NA,"Chris Mullin","SF/SG",89,91,64,76,80,72,49,NA,NA,NA
"460",NA,"Briant Winters","SG/SF",89,89,64,78,79,73,50,NA,NA,NA
"461",NA,"Truck Robinson","PF",89,79,83,51,82,65,95,NA,NA,NA
"462",NA,"Vin Baker","PF/C",89,82,83,71,72,70,86,NA,NA,NA
"463",NA,"Doug Collins","SG/SF",89,93,64,79,79,72,39,NA,NA,NA
"464",NA,"Gary Payton","PG/SG",89,81,68,91,82,81,46,NA,NA,NA
"465",NA,"Tyson Chandler","C",89,62,76,47,70,76,92,NA,NA,NA
"466",NA,"Montrezl Harrell","C/PF",89,79,87,42,73,67,90,NA,NA,NA
"467",NA,"Buck Williams","PF/C",89,73,80,38,69,67,93,NA,NA,NA
"468",NA,"Tobias Harris","SF/PF",89,92,76,73,80,70,58,NA,NA,NA
"469",NA,"Adrian Dantley","SG/SF",89,85,80,81,85,69,74,NA,NA,NA
"470",NA,"Richard Hamilton","SG/SF",89,91,65,83,80,72,43,NA,NA,NA
"471",NA,"Antawn Jamison","PF/SF",89,85,83,69,78,73,79,NA,NA,NA
"472",NA,"Tony Allen","SG/SF",89,69,64,68,81,85,64,NA,NA,NA
"473",NA,"Joe Barry Carroll","C",89,73,85,53,76,75,88,NA,NA,NA
"474",NA,"Buddy Hield","SG/SF",89,94,53,82,74,66,51,NA,NA,NA
"475",NA,"Rik Smits","C",89,76,76,49,63,68,86,NA,NA,NA
"476",NA,"Damian Lillard","PG",89,90,59,91,84,56,42,NA,NA,NA
"477",NA,"Daniel Gibson","PG/SG",89,90,66,87,85,67,43,NA,NA,NA
"478",NA,"Wally Szczerbiak","SF/SG",89,92,59,80,75,66,50,NA,NA,NA
"479",NA,"Tracy McGrady","SG",89,86,73,74,83,72,64,NA,NA,NA
"480",NA,"Vince Carter","SG",89,86,73,75,86,72,65,NA,NA,NA
"481",NA,"Yuta Watanabe","SF/PF",89,66,53,64,72,58,53,NA,NA,NA
"482",NA,"Wilt Chamberlain","C/PF",89,69,83,56,74,73,86,NA,NA,NA
"483",NA,"Dave Debusschere","PF/SF",89,82,87,76,78,84,93,NA,NA,NA
"484",NA,"Darryl Dawkins","C",89,74,85,37,77,69,90,NA,NA,NA
"485",NA,"Allen Iverson","SG/PG",89,86,57,87,90,65,40,NA,NA,NA
"486",NA,"Nick Anderson","SG/SF",89,93,66,76,84,70,48,NA,NA,NA
"487",NA,"Otis Thrope","PF/C",89,80,85,40,64,59,89,NA,NA,NA
"488",NA,"Jeff Hornacek","SG/SF",89,94,53,79,74,69,46,NA,NA,NA
"489",NA,"Muggsy Bogues","PG/SG",89,90,48,94,85,65,41,NA,NA,NA
"490",NA,"Isaiah Rider","SG",88,89,74,81,85,68,49,NA,NA,NA
"491",NA,"Kyrie Irving","PG",88,86,58,87,77,63,45,NA,NA,NA
"492",NA,"Luke Walton","PF/SF",88,86,74,82,82,79,77,NA,NA,NA
"493",NA,"Terrence Ross","SG/SF",88,88,68,77,81,69,59,NA,NA,NA
"494",NA,"Vernon Maxwell","SG/SF",88,89,60,85,79,69,39,NA,NA,NA
"495",NA,"Kenny Smith","PG/SG",88,90,56,87,84,59,35,NA,NA,NA
"496",NA,"Eddie Jones","SG/SF",88,88,67,75,79,85,43,NA,NA,NA
"497",NA,"Bob Sura","PG",88,89,72,86,83,69,54,NA,NA,NA
"498",NA,"Mahmoud Abdul-Rauf","PG/SG",88,90,62,81,77,58,35,NA,NA,NA
"499",NA,"Morris Peterson","SF/SF",88,88,70,77,81,74,51,NA,NA,NA
"500",NA,"Cliff Robinson","PF/C",88,84,76,59,73,79,85,NA,NA,NA
"501",NA,"Rex Chapman","SG",88,88,63,83,77,62,47,NA,NA,NA
"502",NA,"Michael Cooper","SG",88,84,66,68,80,81,45,NA,NA,NA
"503",NA,"Quentin Richardson","SG",88,89,65,80,79,63,44,NA,NA,NA
"504",NA,"Ray Allen","SG",88,93,62,78,76,68,44,NA,NA,NA
"505",NA,"Bob Dandridge","SF",88,89,74,72,81,75,71,NA,NA,NA
"506",NA,"Tom Chambers","PF",88,88,86,63,76,62,83,NA,NA,NA
"507",NA,"Rod Strickland","PG",88,86,57,92,81,69,35,NA,NA,NA
"508",NA,"Larry Kenon","SF",88,80,72,71,78,80,86,NA,NA,NA
"509",NA,"Swen Nater","C",88,76,81,52,69,64,95,NA,NA,NA
"510",NA,"Bill Laimbeer","C",88,90,74,55,59,72,87,NA,NA,NA
"511",NA,"Roy Hibbert","C",88,77,76,44,53,70,84,NA,NA,NA
"512",NA,"Jeremy Lin","PG",88,87,55,82,81,70,45,NA,NA,NA
"513",NA,"Michael Ray Richardson","PG",88,79,64,86,85,86,63,NA,NA,NA
"514",NA,"Shawn Marion","SF",88,85,75,64,78,76,77,NA,NA,NA
"515",NA,"Antoine Walker","PF",88,86,79,68,78,69,83,NA,NA,NA
"516",NA,"Shareef Abdur-Rahim","PF",88,89,83,71,72,70,86,NA,NA,NA
"517",NA,"Bryant Reeves","C",88,81,79,59,66,64,84,NA,NA,NA
"518",NA,"Corey Maggette","SF",88,87,74,78,84,72,52,NA,NA,NA
"519",NA,"Horace Grant","PF",88,68,73,46,59,71,90,NA,NA,NA
"520",NA,"Leandro Barbosa","PG",88,90,49,87,85,53,44,NA,NA,NA
"521",NA,"Allonzo Trier","SG",88,78,55,80,72,51,46,NA,NA,NA
"522",NA,"Jeremy Lin","PG",88,86,59,88,84,73,49,NA,NA,NA
"523",NA,"Rui Hachimura","SF/PF",88,75,74,59,79,58,62,NA,NA,NA
"524",NA,"Dario Saric","PF",88,79,65,78,69,57,63,NA,NA,NA
"525",NA,"Dennis Schroder","PG",88,85,50,86,82,60,49,NA,NA,NA
"526",NA,"Marc Gasol","C",88,90,87,55,74,86,92,NA,NA,NA
"527",NA,"Lebron James","SF/PF",88,80,80,92,89,84,57,NA,NA,NA
"528",NA,"Rajon Rondo","PG",88,76,56,92,84,78,56,NA,NA,NA
"529",NA,"Kendall Gill","SG/SF",88,86,74,76,80,77,54,NA,NA,NA
"530",NA,"Joel Embiid","C",88,83,84,47,75,70,79,NA,NA,NA
"531",NA,"Darius Miles","SF/PF",88,77,82,66,83,74,68,NA,NA,NA
"532",NA,"Devonte Graham","PG/SG",88,85,54,85,81,61,40,NA,NA,NA
"533",NA,"Ja Morant","PG/SG",88,86,58,88,86,64,47,NA,NA,NA
"534",NA,"Chandler Parsons","SF/PF",88,86,74,78,78,70,83,NA,NA,NA
"535",NA,"Jose Calderon","PG/SG",88,94,49,93,74,58,42,NA,NA,NA
"536",NA,"Coby White","PG/SG",88,80,62,85,84,64,42,NA,NA,NA
"537",NA,"Ryan Hollins","C",88,74,80,45,81,63,88,NA,NA,NA
"538",NA,"Al Horford","C/PF",88,88,79,71,68,75,88,NA,NA,NA
"539",NA,"Domantas Sabonis","C/PF",88,88,81,56,67,51,92,NA,NA,NA
"540",NA,"Stephen Jackson","SF/SG",88,87,72,78,81,77,57,NA,NA,NA
"541",NA,"Tristan Thompson","C/PF",88,75,82,47,74,65,94,NA,NA,NA
"542",NA,"Brent Barry","SF/SG",88,91,67,69,82,66,50,NA,NA,NA
"543",NA,"Shabazz Napier","PG",88,90,51,87,80,59,40,NA,NA,NA
"544",NA,"Michael Porter JR.","SF/PF",88,84,67,81,84,74,66,NA,NA,NA
"545",NA,"Jordan McRae","SG/SF",88,93,65,58,82,66,44,NA,NA,NA
"546",NA,"Darius Garland","PG/SG",88,85,57,83,86,62,44,NA,NA,NA
"547",NA,"Ish Smith","PG/SG",88,87,50,85,82,69,43,NA,NA,NA
"548",NA,"Kerry Kittles","SG/SF",88,86,67,80,83,75,37,NA,NA,NA
"549",NA,"Keith Van Horn","SF/PF",88,90,71,73,67,71,76,NA,NA,NA
"550",NA,"Jordan Clarkson","SG/SF",88,89,61,85,81,64,47,NA,NA,NA
"551",NA,"Patrick Mills","PG/SG",88,91,50,88,84,54,40,NA,NA,NA
"552",NA,"Byron Scott","SG/PG",88,91,62,83,82,70,42,NA,NA,NA
"553",NA,"Norman Powell","SG/SF",88,86,58,82,83,76,43,NA,NA,NA
"554",NA,"Seth Curry","SG/PG",88,92,51,84,82,63,39,NA,NA,NA
"555",NA,"Dillon Brooks","SG/SF",88,89,75,83,80,75,57,NA,NA,NA
"556",NA,"Evan Turner","SF/SG",88,85,74,79,83,73,70,NA,NA,NA
"557",NA,"Aaron Gordon","PF/SF",88,86,77,59,81,79,77,NA,NA,NA
"558",NA,"Nemanja Bjelica","PF/SF",88,92,77,61,74,64,79,NA,NA,NA
"559",NA,"Marcus Morris SR","SF/PF",88,91,71,55,82,71,60,NA,NA,NA
"560",NA,"De'Andre Hunter","SF/PF",88,76,64,67,80,81,57,NA,NA,NA
"561",NA,"Hassan Whiteside","C",88,59,76,49,67,69,95,NA,NA,NA
"562",NA,"Tyronn Lue","PG/SG",88,88,48,90,84,68,36,NA,NA,NA
"563",NA,"Doug Christie","SG/SF",88,83,57,79,79,80,47,NA,NA,NA
"564",NA,"Pascal Siakam","PF/SF",88,90,77,52,81,77,58,NA,NA,NA
"565",NA,"Bradley Beal","SG/SF",88,89,66,83,80,61,47,NA,NA,NA
"566",NA,"Donovan Mitchell","SG/PG",88,91,65,81,87,71,45,NA,NA,NA
"567",NA,"Rudy Gobert","C",88,64,75,40,59,77,89,NA,NA,NA
"568",NA,"Ben Simmons","PF/SF",88,70,85,84,89,82,62,NA,NA,NA
"569",NA,"Kemba Walker","PG",88,89,52,93,82,62,44,NA,NA,NA
"570",NA,"Victor Oladipo","SG/PG",87,86,60,79,82,79,52,NA,NA,NA
"571",NA,"Devin Booker","SG/PG",87,92,55,83,73,55,42,NA,NA,NA
"572",NA,"Chris Paul","PG/SG",87,89,57,89,78,78,48,NA,NA,NA
"573",NA,"Hassan Whiteside","C",87,71,75,49,64,66,93,NA,NA,NA
"574",NA,"Cuttino Mobley","SG",87,87,63,77,81,68,44,NA,NA,NA
"575",NA,"Shaun Livingston","SG",87,79,74,88,82,67,47,NA,NA,NA
"576",NA,"Karl-Anthony Towns","C",87,88,84,64,78,62,84,NA,NA,NA
"577",NA,"Russell Westbrook","PG/SG",87,79,65,83,86,70,63,NA,NA,NA
"578",NA,"Klay Thompson","SG/SF",87,87,63,75,72,74,39,NA,NA,NA
"579",NA,"Kawhi Leonard","SF/PF",87,85,79,80,85,88,57,NA,NA,NA
"580",NA,"Luka Doncic","SF/SG",87,86,63,85,81,59,62,NA,NA,NA
"581",NA,"Jordan Clarkson","SG/PG",87,79,56,80,78,51,47,NA,NA,NA
"582",NA,"Lebron James","SF/PF",87,76,77,84,88,62,52,NA,NA,NA
"583",NA,"Danny Green","SG/SF",87,88,55,74,76,82,45,NA,NA,NA
"584",NA,"Nikola Jokic","C",87,87,83,78,73,58,82,NA,NA,NA
"585",NA,"Larry Nance","PF/SF",86,71,78,53,69,78,70,NA,NA,NA
"586",NA,"Jeff Malone","SG/SF",86,90,73,74,79,62,50,NA,NA,NA
"587",NA,"Rudy Gobert","C",86,62,72,38,59,74,87,NA,NA,NA
"588",NA,"Shaquille O'Neal","C",86,59,76,64,60,70,84,NA,NA,NA
"589",NA,"Danny Ainge","SG/PG",86,92,54,85,72,67,41,NA,NA,NA
"590",NA,"Goran Dragic","PG",86,81,54,86,75,59,42,NA,NA,NA
"591",NA,"James Harden","SG/PG",86,91,78,93,90,69,46,NA,NA,NA
"592",NA,"Kobe Bryant","SG/SF",86,91,70,82,83,71,55,NA,NA,NA
"593",NA,"Kyrie Irving","PG",86,94,62,94,83,65,43,NA,NA,NA
"594",NA,"Giannis Antetokounmpo","SF/PF",86,84,80,86,88,81,74,NA,NA,NA
"595",NA,"Latrell Sprewell","SF/SG",86,86,73,82,77,66,42,NA,NA,NA
"596",NA,"Donovan Mitchell","SG",86,86,61,78,83,67,41,NA,NA,NA
"597",NA,"Jimmy Butler","SF",86,79,62,72,77,76,47,NA,NA,NA
"598",NA,"Kemba Walker","PG",86,89,51,89,80,60,42,NA,NA,NA
"599",NA,"Blake Griffin","PF/C",86,77,85,73,81,60,58,NA,NA,NA
"600",NA,"Devin Harris","PG/SG",86,87,54,90,83,66,41,NA,NA,NA
"601",NA,"Al Harrington","PF/SF",86,91,74,68,75,68,73,NA,NA,NA
"602",NA,"Raef Lafrentz","C/PF",86,90,76,53,59,71,88,NA,NA,NA
"603",NA,"R.J. Barrett","SF/SG",86,82,67,77,81,77,59,NA,NA,NA
"604",NA,"Collin Sexton","PG/SG",86,84,57,85,87,62,41,NA,NA,NA
"605",NA,"Jonathan Isaac","SF/PF",86,73,70,64,76,85,85,NA,NA,NA
"606",NA,"Dennis Johnson","PG/SG",86,74,58,82,78,77,42,NA,NA,NA
"607",NA,"Aron Baynes","C",86,84,73,48,66,63,88,NA,NA,NA
"608",NA,"Mark Aguirre","SF/PF",86,83,88,79,82,75,69,NA,NA,NA
"609",NA,"Marcin Gortat","C",86,65,75,54,70,63,89,NA,NA,NA
"610",NA,"Markelle Fultz","PG/SG",86,88,67,88,81,74,54,NA,NA,NA
"611",NA,"Bam Adebayo","C/PF",86,73,70,39,80,82,93,NA,NA,NA
"612",NA,"Fred VanVleet","PG/SG",86,90,51,88,79,75,39,NA,NA,NA
"613",NA,"Danuel House","SF/PF",86,77,59,70,82,81,64,NA,NA,NA
"614",NA,"Terry Rozier III","PG/SG",86,87,64,88,83,73,50,NA,NA,NA
"615",NA,"Rony Seikaly","C",86,80,83,50,69,69,80,NA,NA,NA
"616",NA,"Frank Kaminsky","PF/C",86,83,71,48,70,51,86,NA,NA,NA
"617",NA,"Detlef Schrempf","SF/PF",86,90,75,71,65,65,52,NA,NA,NA
"618",NA,"Michael Carter-Williams","PG/SG",86,81,68,89,83,75,60,NA,NA,NA
"619",NA,"Jim Jackson","SG/SF",86,85,75,81,84,74,59,NA,NA,NA
"620",NA,"Jason Kidd","PG/SG",86,76,56,88,84,69,50,NA,NA,NA
"621",NA,"John Wall","PG/SG",86,83,61,91,88,75,41,NA,NA,NA
"622",NA,"C.J. McCollum","SG/PG",86,85,53,81,83,57,43,NA,NA,NA
"623",NA,"Demar Derozan","SF/SG",86,84,76,79,83,65,48,NA,NA,NA
"624",NA,"Andre Drummond","C/PF",86,60,76,56,76,74,92,NA,NA,NA
"625",NA,"Zach Lavine","SG/SF",86,87,69,83,82,57,46,NA,NA,NA
"626",NA,"Tobias Harris","SF/PF",86,89,77,73,73,59,61,NA,NA,NA
"627",NA,"Bam Adebayo","C/PF",86,77,81,66,80,75,81,NA,NA,NA
"628",NA,"Khris Middleton","SF/SG",86,90,64,74,72,69,53,NA,NA,NA
"629",NA,"Brandon Ingram","SF/PF",86,89,72,75,73,61,62,NA,NA,NA
"630",NA,"Penny Hardaway","SG",86,82,76,87,83,78,75,NA,NA,NA
"631",NA,"Byron Beck","C/PF",86,87,79,61,80,73,92,NA,NA,NA
"632",NA,"Landry Fields","SG/SF",85,87,53,78,81,75,37,NA,NA,NA
"633",NA,"Jared Jeffries","PF/SF",85,74,60,67,84,85,72,NA,NA,NA
"634",NA,"Steve Novak","SF/PF",85,94,62,81,69,69,40,NA,NA,NA
"635",NA,"Dee Brown","PG/SG",85,84,62,86,86,68,39,NA,NA,NA
"636",NA,"Manute Bol","C",85,80,74,32,46,75,94,NA,NA,NA
"637",NA,"Glen Rice","SF/SG",85,85,74,68,76,70,57,NA,NA,NA
"638",NA,"Jeremy Lin","PG/SG",85,86,54,78,80,70,45,NA,NA,NA
"639",NA,"Lamarcus Aldridge","PF/C",85,88,83,56,65,64,59,NA,NA,NA
"640",NA,"Kyle Lowry","PG/SG",85,88,51,86,84,70,42,NA,NA,NA
"641",NA,"Steven Adams","C",85,61,72,49,66,73,88,NA,NA,NA
"642",NA,"Hamidou Diallo","SG/SF",85,78,68,78,86,66,57,NA,NA,NA
"643",NA,"Nate Robinson","PG/SG",85,79,53,87,90,77,30,NA,NA,NA
"644",NA,"Rex Chapman","SG/SF",85,85,61,78,77,62,47,NA,NA,NA
"645",NA,"Todd MacCulloch","C/PF",85,69,77,32,69,66,90,NA,NA,NA
"646",NA,"Andre Roberson","SG/SF",85,65,69,76,86,87,86,NA,NA,NA
"647",NA,"Norm Nixon","PG/SG",85,82,56,85,83,71,44,NA,NA,NA
"648",NA,"Spencer Haywood","PF/SF",85,79,81,69,80,70,87,NA,NA,NA
"649",NA,"Kareem Abdul-Jabbar","C/PF",85,70,77,67,65,64,78,NA,NA,NA
"650",NA,"Lonnie Walker IV","SG/SF",85,79,66,82,84,77,45,NA,NA,NA
"651",NA,"Andre Miller","PG/SG",85,79,47,88,75,73,48,NA,NA,NA
"652",NA,"Kenneth Faried","C/PF",85,67,71,49,73,66,94,NA,NA,NA
"653",NA,"Brandon Clarke","PF/SF",85,63,67,64,85,83,82,NA,NA,NA
"654",NA,"Chris Boucher","PF/C",85,78,57,41,74,73,91,NA,NA,NA
"655",NA,"Jarrett Allen","C/PF",85,66,75,36,76,73,88,NA,NA,NA
"656",NA,"Jameer Nelson","PG/SG",85,91,50,89,83,64,43,NA,NA,NA
"657",NA,"Dwight Howard","C",85,71,77,44,73,68,80,NA,NA,NA
"658",NA,"Horace Grant","PF/C",85,67,71,46,59,64,86,NA,NA,NA
"659",NA,"Isiah Thomas","PG/SG",85,80,54,81,85,72,40,NA,NA,NA
"660",NA,"Josh Hart","SG/SF",85,86,59,79,81,71,81,NA,NA,NA
"661",NA,"Coby White","PG/SG",85,78,62,85,84,64,42,NA,NA,NA
"662",NA,"Nick Young","SF/SG",85,85,64,71,77,62,30,NA,NA,NA
"663",NA,"Wendell Carter JR.","C/PF",85,83,81,59,72,70,89,NA,NA,NA
"664",NA,"Caron Butler","SF",85,85,69,77,77,63,46,NA,NA,NA
"665",NA,"Gerald Wallace","SF/PF",85,80,67,72,81,78,66,NA,NA,NA
"666",NA,"Pascal Siakam","PF",85,84,76,49,77,73,59,NA,NA,NA
"667",NA,"Bradley Beal","SG",85,87,63,80,77,62,45,NA,NA,NA
"668",NA,"Luka Doncic","SF/SG",85,84,59,82,78,56,59,NA,NA,NA
"669",NA,"Victor Oladipo","SG",85,81,53,72,75,72,45,NA,NA,NA
"670",NA,"C.J. McCollum","SG",85,88,51,79,81,54,42,NA,NA,NA
"671",NA,"Kristaps Porzingis","PF/C",85,86,80,48,70,62,55,NA,NA,NA
"672",NA,"Demar Derozan","SF/SG",85,80,75,76,80,63,48,NA,NA,NA
"673",NA,"Lamarcus Aldridge","PF/C",85,81,78,51,61,59,76,NA,NA,NA
"674",NA,"D'Angelo Russell","SG",85,88,58,83,73,54,42,NA,NA,NA
"675",NA,"David Robinson","C/PF",85,75,77,48,65,71,81,NA,NA,NA
"676",NA,"Darrell Armstrong","PG",85,85,55,86,82,61,35,NA,NA,NA
"677",NA,"Jermaine O'Neal","C/PF",85,74,81,36,56,63,88,NA,NA,NA
"678",NA,"Kemba Walker","PG",85,89,51,89,80,60,42,NA,NA,NA
"679",NA,"Demarcus Cousins","C",85,81,84,66,72,62,83,NA,NA,NA
"680",NA,"Kevin Garnett","PF",85,77,75,59,65,68,73,NA,NA,NA
"681",NA,"Lonzo Ball","PG",85,80,53,86,80,68,48,NA,NA,NA
"682",NA,"Donovan Mitchell","SG",85,84,61,78,83,67,41,NA,NA,NA
"683",NA,"Jayson Tatum","SF",85,84,67,72,75,66,50,NA,NA,NA
"684",NA,"Giannis Antetokounmpo","SF",85,72,73,80,78,74,74,NA,NA,NA
"685",NA,"Ben Simmons","SF",85,60,81,78,83,70,64,NA,NA,NA
"686",NA,"Anthony Davis","C",85,76,80,62,76,74,65,NA,NA,NA
"687",NA,"Dwyane Wade","SG",85,81,71,83,77,72,49,NA,NA,NA
"688",NA,"Anderson Varejao","C/PF",85,67,71,53,58,70,89,NA,NA,NA
"689",NA,"Ben Simmons","SF",85,59,80,78,83,70,64,NA,NA,NA
"690",NA,"Cedric Ceballos","SF",85,80,79,51,81,69,66,NA,NA,NA
"691",NA,"Dana Barros","SG/SF",85,91,50,83,84,69,39,NA,NA,NA
"692",NA,"Gerald Green","SF",85,84,66,78,75,58,48,NA,NA,NA
"693",NA,"Sarunas Marciulionis","SG",85,84,66,73,77,64,65,NA,NA,NA
"694",NA,"Ricky Pierce","SF",85,87,60,73,80,65,51,NA,NA,NA
"695",NA,"Nick Anderson","SG",85,87,66,76,75,69,48,NA,NA,NA
"696",NA,"John Starks","SG",85,84,60,75,79,70,38,NA,NA,NA
"697",NA,"Larry Hughes","SG",85,85,58,81,76,73,43,NA,NA,NA
"698",NA,"Christian Laettner","PF",85,82,78,60,62,62,82,NA,NA,NA
"699",NA,"Jeff Foster","PF/C",85,66,67,43,64,58,88,NA,NA,NA
"700",NA,"Andre Iguodala","SF",85,75,60,77,79,74,50,NA,NA,NA
"701",NA,"Kenyon Martin","PF",85,67,75,51,78,72,67,NA,NA,NA
"702",NA,"Raef Lafrentz","C",85,88,79,56,65,61,80,NA,NA,NA
"703",NA,"Scott Skiles","PG",85,85,52,89,77,65,41,NA,NA,NA
"704",NA,"Kenny Walker","SF",85,81,76,68,80,66,72,NA,NA,NA
"705",NA,"Toni Kukoc","SF",85,86,71,68,65,69,55,NA,NA,NA
"706",NA,"Paul Silas","PF",85,67,72,63,79,78,86,NA,NA,NA
"707",NA,"Robert Pack","PG",85,83,59,84,81,62,39,NA,NA,NA
"708",NA,"Gheorghe Muresan","C",85,68,68,37,49,65,85,NA,NA,NA
"709",NA,"Javale McGee","C",85,60,74,36,68,75,88,NA,NA,NA
"710",NA,"Michael Carter-Williams","PG",85,81,65,87,78,71,60,NA,NA,NA
"711",NA,"Dikembe Mutombo","C",85,51,67,40,58,73,88,NA,NA,NA
"712",NA,"Mike Conley","PG",85,87,49,90,79,67,40,NA,NA,NA
"713",NA,"Drazen Petrovic","SG/SF",85,91,53,74,72,63,53,NA,NA,NA
"714",NA,"Terrell Brandon","PG",85,85,53,87,85,68,53,NA,NA,NA
"715",NA,"Clyde Drexler","SG/SF",84,77,69,74,85,62,59,NA,NA,NA
"716",NA,"Andre Drummond","C",84,60,73,51,66,69,86,NA,NA,NA
"717",NA,"Nikola Vucevic","C",84,86,79,55,62,56,81,NA,NA,NA
"718",NA,"De'Aaron Fox","PG",84,83,51,86,84,68,42,NA,NA,NA
"719",NA,"Brad Davis","PG",84,85,53,85,79,67,35,NA,NA,NA
"720",NA,"Deshawn Stevenson","SF",84,86,57,68,73,76,55,NA,NA,NA
"721",NA,"Ben Wallace","C/PF",84,48,61,52,74,79,84,NA,NA,NA
"722",NA,"Ben Simmons","PF",84,74,83,84,87,71,69,NA,NA,NA
"723",NA,"Andrei Kirilenko","PF/SF",84,75,67,73,78,80,77,NA,NA,NA
"724",NA,"Draymond Green","PF/C",84,64,61,80,77,80,55,NA,NA,NA
"725",NA,"Devin Booker","SG",84,88,53,78,70,53,41,NA,NA,NA
"726",NA,"Jrue Holiday","SG",84,79,50,76,71,70,41,NA,NA,NA
"727",NA,"John Wall","PG",84,78,56,85,82,69,35,NA,NA,NA
"728",NA,"Dirk Nowitzki","PF/C",84,87,72,64,57,50,62,NA,NA,NA
"729",NA,"Tyler Herro","SG/SF",84,86,60,78,78,59,46,NA,NA,NA
"730",NA,"Shai Gilgeous-Alexander","SG/PG",84,87,68,83,79,65,49,NA,NA,NA
"731",NA,"Derrick Rose","PG/SG",84,88,59,88,84,58,40,NA,NA,NA
"732",NA,"Deandre Ayton","C/PF",84,80,76,61,75,65,91,NA,NA,NA
"733",NA,"D'Angelo Russell","PG/SG",84,85,58,86,75,56,41,NA,NA,NA
"734",NA,"Al Horford","PF/C",84,82,75,71,68,73,61,NA,NA,NA
"735",NA,"Jamal Murray","PG/SG",84,90,54,85,79,58,46,NA,NA,NA
"736",NA,"Kristaps Porzingis","PF/C",84,76,78,52,74,66,69,NA,NA,NA
"737",NA,"Malcolm Brogdon","PG/SG",84,91,61,89,79,65,48,NA,NA,NA
"738",NA,"Jrue Holiday","SG/PG",83,68,51,79,77,77,47,NA,NA,NA
"739",NA,"Fred VanVleet","PG/SG",83,86,47,87,76,70,40,NA,NA,NA
"740",NA,"Alec Burks","SG/SF",83,84,62,75,76,61,52,NA,NA,NA
"741",NA,"Og Anunoby","SF/PF",83,78,53,61,79,83,50,NA,NA,NA
"742",NA,"Richaun Holmes","C/PF",83,72,77,52,70,65,90,NA,NA,NA
"743",NA,"P.J. Washington","PF/C",83,85,77,58,74,66,76,NA,NA,NA
"744",NA,"Steve Kerr","PG/SG",83,93,42,85,71,62,35,NA,NA,NA
"745",NA,"Andre Iguodala","SF/SG",83,70,55,73,77,74,50,NA,NA,NA
"746",NA,"Lucius Allen","PG/SG",83,71,51,84,80,74,48,NA,NA,NA
"747",NA,"Jayson Tatum","SF",83,84,65,72,75,64,50,NA,NA,NA
"748",NA,"Khris Middleton","SF",83,86,59,70,69,65,49,NA,NA,NA
"749",NA,"Chris Paul","PG",83,79,51,82,71,74,41,NA,NA,NA
"750",NA,"James Posey","SF/PF",83,73,56,66,75,77,52,NA,NA,NA
"751",NA,"Eric Bledsoe","PG",83,79,49,83,76,73,43,NA,NA,NA
"752",NA,"Matt Barnes","SF/PF",83,66,57,60,80,77,62,NA,NA,NA
"753",NA,"Pat Connaughton","SG/SF",83,83,56,73,83,57,57,0,NA,NA
"754",NA,"Tobias Harris","PF/SF",83,87,71,68,68,53,53,NA,NA,NA
"755",NA,"Al Horford","C/PF",83,84,76,68,65,71,61,NA,NA,NA
"756",NA,"Zach Lavine","SG",83,85,66,81,80,53,44,NA,NA,NA
"757",NA,"Trae Young","PG",83,85,53,88,77,47,42,NA,NA,NA
"758",NA,"Louis Williams","SG/PG",82,86,53,80,68,48,39,NA,NA,NA
"759",NA,"Buddy Hield","SG/SF",82,91,50,74,69,54,49,NA,NA,NA
"760",NA,"John Collins","PF/C",82,78,74,48,69,50,78,NA,NA,NA
"761",NA,"Kyle Kuzma","PF",82,83,77,75,75,60,47,NA,NA,NA
"762",NA,"Jamal Murray","PG/SG",82,90,49,83,76,54,44,NA,NA,NA
"763",NA,"Jim Paxson","SG",82,79,65,80,81,70,44,NA,NA,NA
"764",NA,"Michael Beasley","PF",82,83,72,55,73,55,59,NA,NA,NA
"765",NA,"Charlie Ward","PG",82,83,48,76,78,77,50,NA,NA,NA
"766",NA,"Stephon Marbury","PG",82,77,57,80,86,61,39,NA,NA,NA
"767",NA,"Kurt Rambis","PF/C",82,52,58,41,70,72,90,NA,NA,NA
"768",NA,"Jon McGlocklin","SG/SF",82,89,53,73,74,60,50,NA,NA,NA
"769",NA,"Leandro Barbosa","PG/SG",82,85,47,87,82,53,44,NA,NA,NA
"770",NA,"Devonte Graham","PG/SG",82,81,53,85,79,61,40,NA,NA,NA
"771",NA,"Duncan Robinson","SF/PF",82,90,57,67,70,48,42,NA,NA,NA
"772",NA,"Michael Finley","SF/SG",82,82,73,64,71,58,52,NA,NA,NA
"773",NA,"Antoine Walker","SF/PF",82,79,72,63,71,64,78,NA,NA,NA
"774",NA,"Sean Elliott","SF/SG",82,84,66,60,71,73,44,NA,NA,NA
"775",NA,"Kelly Tripucka","SG/SF",82,84,57,73,73,65,53,NA,NA,NA
"776",NA,"Vinnie Johnson","SG/PG",82,81,50,79,80,65,50,NA,NA,NA
"777",NA,"Courtney Lee","SG/SF",82,87,56,79,73,66,37,NA,NA,NA
"778",NA,"Hedo Turkoglu","SF/PF",82,79,70,78,74,65,73,NA,NA,NA
"779",NA,"Zion Williamson","PF/C",82,59,78,69,87,68,74,NA,NA,NA
"780",NA,"Blake Griffin","PF/C",82,67,82,75,83,62,53,NA,NA,NA
"781",NA,"Kevin Love","PF/C",82,87,76,65,68,56,78,NA,NA,NA
"782",NA,"Steve Nash","PG/SG",81,80,44,84,76,57,39,NA,NA,NA
"783",NA,"Kendrick Nunn","SG/PG",81,81,59,82,78,70,36,NA,NA,NA
"784",NA,"Craig Hodges","PG/SG",81,92,41,82,74,56,38,NA,NA,NA
"785",NA,"Shane Battier","PF/SF",81,82,61,68,74,81,50,NA,NA,NA
"786",NA,"Thaddeus Young","PF/C",81,82,76,54,71,73,80,NA,NA,NA
"787",NA,"Terry Porter","PG/SG",81,83,47,85,74,65,42,NA,NA,NA
"788",NA,"Jusuf Nurkic","C",81,72,73,46,56,60,85,NA,NA,NA
"789",NA,"Kevin Love","PF/C",81,80,75,61,64,50,68,NA,NA,NA
"790",NA,"Joe Smith","PF",81,79,75,55,74,62,78,NA,NA,NA
"791",NA,"Jason Richardson","SG",81,83,70,75,81,66,62,NA,NA,NA
"792",NA,"Boban Marjanovic","C",81,77,71,39,43,56,88,NA,NA,NA
"793",NA,"Zhou QI","C",81,77,75,48,64,65,80,NA,NA,NA
"794",NA,"Jerryd Bayless","PG",81,85,48,84,82,41,32,NA,NA,NA
"795",NA,"Antonio McDyess","PF",81,71,72,37,67,62,78,NA,NA,NA
"796",NA,"Clark Kellogg","PF",81,79,73,53,68,65,81,NA,NA,NA
"797",NA,"Brian Scalabrine","PF",81,87,57,66,58,55,63,NA,NA,NA
"798",NA,"Shawn Bradley","C",81,70,71,30,44,65,82,NA,NA,NA
"799",NA,"Corliss Williamson","SF",81,65,70,64,76,68,72,NA,NA,NA
"800",NA,"Demarcus Cousins","C",81,74,82,66,68,58,81,NA,NA,NA
"801",NA,"Ryan Anderson","PF",81,89,66,53,54,47,63,NA,NA,NA
"802",NA,"Theo Ratliff","C",81,67,66,39,61,75,82,NA,NA,NA
"803",NA,"Rajon Rondo","PG",81,62,42,84,78,75,47,NA,NA,NA
"804",NA,"Steve Kerr","PG",81,92,42,84,70,62,35,NA,NA,NA
"805",NA,"Darryl Dawkins","C",81,65,78,37,67,66,83,NA,NA,NA
"806",NA,"Damon Stoudamire","PG",81,80,48,82,82,55,51,NA,NA,NA
"807",NA,"Isaiah Rider","SG",81,82,71,72,80,65,49,NA,NA,NA
"808",NA,"Sam Mitchell","SF",81,84,71,61,75,63,66,NA,NA,NA
"809",NA,"Jamario Moon","SF",81,80,66,66,78,65,51,NA,NA,NA
"810",NA,"Chandler Parsons","SF",81,75,67,76,72,68,51,NA,NA,NA
"811",NA,"Victor Oladipo","SG",81,78,56,72,75,66,45,NA,NA,NA
"812",NA,"David Wesley","SG",81,87,52,77,78,63,41,NA,NA,NA
"813",NA,"Luol Deng","SF",81,75,56,59,72,74,51,NA,NA,NA
"814",NA,"Jamal Crawford","SG",81,82,57,81,80,60,40,NA,NA,NA
"815",NA,"Darius Miles","SF",81,70,73,66,83,74,68,NA,NA,NA
"816",NA,"Bob Sura","PG",81,84,66,81,80,63,54,NA,NA,NA
"817",NA,"Ron Harper","PG",81,74,57,73,77,72,47,NA,NA,NA
"818",NA,"Tim Legler","SG",81,85,46,74,69,58,38,NA,NA,NA
"819",NA,"Paul Pierce","SF",81,81,64,68,69,64,38,NA,NA,NA
"820",NA,"Jason Williams","PG",81,81,45,96,71,60,36,NA,NA,NA
"821",NA,"Darko Milicic","C/PF",81,60,70,37,59,63,86,NA,NA,NA
"822",NA,"Jerome Kersey","SF/PF",81,73,72,59,77,72,77,NA,NA,NA
"823",NA,"Malcolm Brogdon","PG/SG",81,87,55,81,76,62,46,NA,NA,NA
"824",NA,"Marvin Bagley III","PF",81,78,77,54,73,53,75,NA,NA,NA
"825",NA,"Bojan Bogdanovic","SF/PF",81,87,59,65,68,58,41,NA,NA,NA
"826",NA,"Julius Randle","PF/C",81,81,77,63,77,54,67,NA,NA,NA
"827",NA,"Montrezl Harrell","C/PF",81,74,82,39,70,63,66,NA,NA,NA
"828",NA,"Lauri Markkanen","PF/C",81,84,69,62,60,52,66,NA,NA,NA
"829",NA,"Channing Frye","PF/C",80,76,66,45,53,53,49,NA,NA,NA
"830",NA,"Marcus Smart","SG/SF",80,65,45,66,74,76,36,NA,NA,NA
"831",NA,"Jaren Jackson JR.","PF/C",80,77,70,37,64,71,53,NA,NA,NA
"832",NA,"Paul Millsap","PF",80,77,75,61,66,70,66,NA,NA,NA
"833",NA,"Myles Turner","C",80,83,71,43,63,68,64,NA,NA,NA
"834",NA,"Dwyane Wade","SG",80,76,67,78,80,68,49,NA,NA,NA
"835",NA,"Udonis Haslem","PF/C",80,66,68,46,62,56,72,NA,NA,NA
"836",NA,"Hakeem Olajuwon","C",80,67,72,56,75,72,78,NA,NA,NA
"837",NA,"Dirk Nowitzki","PF",80,83,65,64,57,50,62,NA,NA,NA
"838",NA,"Vince Carter","SG",80,82,66,69,81,67,65,NA,NA,NA
"839",NA,"Tracy McGrady","SG",80,79,70,66,81,66,64,NA,NA,NA
"840",NA,"Derrick Rose","PG",80,81,60,84,85,61,41,NA,NA,NA
"841",NA,"Malik Monk","SG/PG",80,81,58,77,77,58,41,NA,NA,NA
"842",NA,"Norman Powell","SG/SF",80,79,53,73,75,68,43,NA,NA,NA
"843",NA,"Luke Kennard","SG/SF",80,89,51,76,66,47,45,NA,NA,NA
"844",NA,"T.J. Leaf","PF",80,73,70,58,65,54,82,NA,NA,NA
"845",NA,"Dzanan Musa","SG/SF",80,83,63,70,71,61,38,NA,NA,NA
"846",NA,"Markelle Fultz","PG/SG",80,76,59,85,81,60,54,NA,NA,NA
"847",NA,"Damyean Dotson","SG/SF",80,86,54,71,72,52,44,NA,NA,NA
"848",NA,"Derrick Jones Jr.","SF/PF",80,77,70,60,77,60,64,NA,NA,NA
"849",NA,"Alex Len","C",80,76,70,36,60,60,83,NA,NA,NA
"850",NA,"Semi Ojeleye","SF/PF",80,81,68,61,78,53,49,NA,NA,NA
"851",NA,"Ante Zizic","C",80,64,73,41,65,56,89,NA,NA,NA
"852",NA,"Denzel Valentine","SF",80,86,59,79,68,51,54,NA,NA,NA
"853",NA,"Troy Brown Jr.","SF/SG",80,81,58,77,75,65,59,NA,NA,NA
"854",NA,"Pat Connaughton","SG/SF",80,85,57,64,79,50,57,NA,NA,NA
"855",NA,"Zhaire Smith","SG",80,80,59,63,84,68,44,NA,NA,NA
"856",NA,"Kevon Looney","C",80,72,65,61,69,61,79,NA,NA,NA
"857",NA,"Anfernee Simons","PG/SG",80,84,55,83,78,45,40,NA,NA,NA
"858",NA,"Keita Bates-Diop","SF/PF",80,82,65,61,76,61,62,NA,NA,NA
"859",NA,"Mikal Bridges","SG/SF",80,77,57,71,78,73,43,NA,NA,NA
"860",NA,"Lonnie Walker IV","SG",80,85,60,72,81,64,45,NA,NA,NA
"861",NA,"Terrance Ferguson","SG/SF",80,83,67,74,78,62,37,NA,NA,NA
"862",NA,"Isaiah Hartenstein","C",80,81,65,56,64,55,84,NA,NA,NA
"863",NA,"Torrey Craig","SF",80,78,55,57,69,71,56,NA,NA,NA
"864",NA,"Dwight Powell","C/PF",80,81,72,61,68,62,83,NA,NA,NA
"865",NA,"Alex Caruso","SG",80,83,56,75,77,60,46,NA,NA,NA
"866",NA,"Nemanja Bjelica","PF/SF",80,84,66,61,65,57,66,NA,NA,NA
"867",NA,"Royce O'Neale","SF",80,74,64,71,70,69,50,NA,NA,NA
"868",NA,"E'Twaun Moore","SG/SF",80,87,58,74,73,51,39,NA,NA,NA
"869",NA,"Ivan Rabb","PF/C",80,60,69,43,69,52,89,NA,NA,NA
"870",NA,"Landry Shamet","SG/SF",80,86,52,78,78,51,36,NA,NA,NA
"871",NA,"Kevin Garnett","PF/C",80,58,72,51,64,65,72,NA,NA,NA
"872",NA,"Kemba Walker","PG",80,80,50,82,79,60,42,NA,NA,NA
"873",NA,"Eric Paschall","PF/SF",80,78,80,65,78,54,55,NA,NA,NA
"874",NA,"Kelly Oubre Jr.","SF/PF",80,82,57,76,77,65,55,NA,NA,NA
"875",NA,"Serge Ibaka","C/PF",80,84,70,46,66,66,76,NA,NA,NA
"876",NA,"Carmelo Anthony","PF/SF",79,81,73,78,76,55,53,NA,NA,NA
"877",NA,"Adrian Griffin","SG/SF",79,80,60,69,77,69,61,NA,NA,NA
"878",NA,"Rick Mahorn","C/PF",79,65,58,36,52,66,80,NA,NA,NA
"879",NA,"John Salley","PF/C",79,56,64,41,59,62,86,NA,NA,NA
"880",NA,"Kyle Korver","SG/SF",79,90,43,71,56,51,38,NA,NA,NA
"881",NA,"JJ Redick","SG/SF",79,93,45,70,62,52,36,NA,NA,NA
"882",NA,"Steve Blake","PG",79,69,40,75,68,71,39,NA,NA,NA
"883",NA,"Zach Lavine","SG/PG",79,75,65,74,83,55,46,NA,NA,NA
"884",NA,"Leon Powe","C/PF",79,62,70,40,66,56,81,NA,NA,NA
"885",NA,"Josh Richardson","SF/SG",79,85,54,68,73,67,38,NA,NA,NA
"886",NA,"Zion Williamson","PF",79,63,68,60,78,62,63,NA,NA,NA
"887",NA,"Ray Allen","SG/SF",79,84,59,65,69,62,44,NA,NA,NA
"888",NA,"Brian Grant","PF/SF",79,64,66,43,59,61,84,NA,NA,NA
"889",NA,"Domantas Sabonis","C/PF",79,81,74,41,61,43,84,NA,NA,NA
"890",NA,"Spencer Dinwiddie","SG",79,86,54,85,67,56,36,NA,NA,NA
"891",NA,"Reggie Jackson","PG",79,81,53,82,78,58,38,NA,NA,NA
"892",NA,"Derrick Rose","PG/SG",79,87,53,82,80,52,38,NA,NA,NA
"893",NA,"T.J. Warren","SF/PF",79,81,65,64,65,55,42,NA,NA,NA
"894",NA,"Brandon Ingram","SF",79,77,69,72,70,56,45,NA,NA,NA
"895",NA,"Derrick Favors","PF/C",79,63,74,50,63,57,77,NA,NA,NA
"896",NA,"JJ Redick","SG",79,92,45,70,62,52,36,NA,NA,NA
"897",NA,"James Edwards","C/PF",79,75,74,33,54,58,84,NA,NA,NA
"898",NA,"Mychal Thompson","C/PF",79,67,73,39,44,62,85,NA,NA,NA
"899",NA,"Fat Lever","PG/SG",79,80,56,83,83,71,48,NA,NA,NA
"900",NA,"Demarcus Cousins","C",79,71,82,66,68,58,66,NA,NA,NA
"901",NA,"Aaron Gordon","PF",79,78,71,55,75,64,57,NA,NA,NA
"902",NA,"Deandre Jordan","C",79,48,62,37,68,61,81,NA,NA,NA
"903",NA,"Jonas Valanciunas","C",79,78,71,42,60,56,80,NA,NA,NA
"904",NA,"Gordon Hayward","SF/PF",79,78,59,73,73,59,48,NA,NA,NA
"905",NA,"Enes Kanter","C",79,78,75,49,62,36,86,NA,NA,NA
"906",NA,"Otto Porter","SF/PF",79,80,62,75,69,61,51,NA,NA,NA
"907",NA,"Thaddeus Young","PF",78,73,73,54,71,70,63,NA,NA,NA
"908",NA,"Tristan Thompson","C",78,56,64,41,62,54,82,NA,NA,NA
"909",NA,"Jaylen Brown","SG/SF",78,74,58,77,76,69,49,NA,NA,NA
"910",NA,"Ja Morant","PG",78,75,51,77,77,57,41,NA,NA,NA
"911",NA,"Patrick Beverley","PG/SG",78,67,40,74,76,72,51,NA,NA,NA
"912",NA,"Mitchel Robinson","C",78,58,62,44,58,70,80,NA,NA,NA
"913",NA,"Joe Ingles","SF/PF",78,75,51,67,62,67,40,NA,NA,NA
"914",NA,"Harrison Barnes","SF/PF",78,77,66,73,78,57,44,NA,NA,NA
"915",NA,"Bam Adebayo","C",78,72,68,38,72,60,77,NA,NA,NA
"916",NA,"Goran Dragic","PG",78,80,53,84,73,57,40,NA,NA,NA
"917",NA,"Jarrett Allen","C",78,65,70,36,72,65,78,NA,NA,NA
"918",NA,"Terrence Ross","SG/SF",78,86,63,67,70,58,42,NA,NA,NA
"919",NA,"Javale McGee","C",78,72,70,34,60,62,81,NA,NA,NA
"920",NA,"Lonzo Ball","PG",78,61,47,83,74,68,48,NA,NA,NA
"921",NA,"Gary Harris","SG",78,81,53,73,72,67,40,NA,NA,NA
"922",NA,"Jeremy Lamb","SG/SF",78,85,56,74,69,57,53,NA,NA,NA
"923",NA,"Aaron McKie","PG/SG",78,80,62,80,73,66,45,NA,NA,NA
"924",NA,"Brook Lopez","C",78,83,75,46,53,58,44,NA,NA,NA
"925",NA,"Evrin Johnson","C/PF",78,65,73,33,58,66,68,NA,NA,NA
"926",NA,"Brendan Haywood","C",78,40,66,42,57,60,86,NA,NA,NA
"927",NA,"Omer Asik","C/PF",77,50,65,42,55,55,83,NA,NA,NA
"928",NA,"Evan Fournier","SG/SF",77,80,51,74,66,56,39,NA,NA,NA
"929",NA,"Caris Levert","SG/SF",77,76,64,71,72,61,46,NA,NA,NA
"930",NA,"Joe Harris","SF/SG",77,86,44,55,64,51,43,NA,NA,NA
"931",NA,"Justise Winslow","SF",77,74,55,68,74,66,50,NA,NA,NA
"932",NA,"Kelly Olynyk","PF/C",77,78,70,52,52,49,53,NA,NA,NA
"933",NA,"Jabari Parker","PF/SF",77,74,74,63,74,56,60,NA,NA,NA
"934",NA,"Terry Rozier III","PG/SG",77,81,58,83,77,60,49,NA,NA,NA
"935",NA,"Bogdan Bogdanovic","SF/SG",77,78,61,65,69,51,39,NA,NA,NA
"936",NA,"Marcus Morris SR","PF/SF",77,80,63,51,66,57,56,NA,NA,NA
"937",NA,"R.J. Barrett","SF/SG",77,73,59,72,76,53,54,NA,NA,NA
"938",NA,"Bobby Portis","C/PF",77,82,67,52,65,54,79,NA,NA,NA
"939",NA,"Andre Iguodala","SF",77,58,51,74,71,71,43,NA,NA,NA
"940",NA,"Jamychal Green","PF",77,80,63,47,63,53,72,NA,NA,NA
"941",NA,"Larry Nance JR.","C/PF",77,76,69,60,72,65,79,NA,NA,NA
"942",NA,"Jordan Clarkson","SG",77,81,52,75,73,46,42,NA,NA,NA
"943",NA,"Wendell Carter JR.","C/PF",77,74,75,58,69,64,72,NA,NA,NA
"944",NA,"Will Barton","SF",76,76,56,74,70,61,49,NA,NA,NA
"945",NA,"Monte Morris","PG",75,80,45,85,68,47,37,NA,NA,NA
"946",NA,"Mason Plumlee","C",75,65,71,56,61,60,73,NA,NA,NA
"947",NA,"Jerami Grant","PF/SF",75,75,60,49,71,65,47,NA,NA,NA
"948",NA,"Malik Beasley","SG/SF",75,83,62,58,71,51,39,NA,NA,NA
"949",NA,"Michael Porter JR.","SF/PF",75,74,59,63,74,57,60,NA,NA,NA
"950",NA,"Delon Wright","SG",75,73,47,84,73,63,50,NA,NA,NA
"951",NA,"J.J. Barea","PG",75,81,42,83,69,44,41,NA,NA,NA
"952",NA,"Jalen Brunson","PG",75,77,58,79,73,52,40,NA,NA,NA
"953",NA,"Tim Hardaway JR.","SG/SF",75,80,54,75,69,49,37,NA,NA,NA
"954",NA,"Dwight Powell","C/PF",75,76,70,59,66,60,67,NA,NA,NA
"955",NA,"Jonathan Isaac","SF/PF",75,66,61,60,72,64,55,NA,NA,NA
"956",NA,"Kentavious Caldwell-Pope","SG/SF",75,76,52,74,74,60,39,NA,NA,NA
"957",NA,"Mohamed Bamba","C",75,67,66,41,67,63,74,NA,NA,NA
"958",NA,"Al-Farouq Aminu","PF",75,71,57,59,65,66,62,NA,NA,NA
"959",NA,"D.J. Augustin","PG",75,82,44,76,71,47,37,NA,NA,NA
"960",NA,"Avery Bradley","SG/SF",75,71,42,65,72,65,35,NA,NA,NA
"961",NA,"Dennis Smith JR.","PG/SG",75,73,50,76,74,56,38,NA,NA,NA
"962",NA,"Rajon Rondo","PG",75,65,41,79,75,59,47,NA,NA,NA
"963",NA,"Danny Green","SG/SF",75,72,44,67,63,64,39,NA,NA,NA
"964",NA,"Taurean Prince","SF/PF",75,76,57,60,73,60,39,NA,NA,NA
"965",NA,"Jahlil Okafor","C",75,67,76,53,61,46,71,NA,NA,NA
"966",NA,"Coby White","PG/SG",75,78,51,79,79,59,39,NA,NA,NA
"967",NA,"Darius Garland","PG",75,77,47,78,80,52,40,NA,NA,NA
"968",NA,"Collin Sexton","PG/SG",75,82,46,78,81,52,38,NA,NA,NA
"969",NA,"Landry Shamet","SG/SF",75,77,49,75,75,45,33,NA,NA,NA
"970",NA,"Ivica Zubac","C",75,67,65,44,53,47,81,NA,NA,NA
"971",NA,"Daniel Theis","C/PF",75,78,68,53,68,63,73,NA,NA,NA
"972",NA,"Kevin Huerter","SG",75,75,51,74,73,53,42,NA,NA,NA
"973",NA,"De'Andre Hunter","SF/PF",75,70,54,59,69,61,49,NA,NA,NA
"974",NA,"Jae Crowder","PF/SF",75,70,59,71,74,67,49,NA,NA,NA
"975",NA,"Josh Jackson","SF/PF",75,74,58,55,73,63,49,NA,NA,NA
"976",NA,"Kevin Knox II","SF/PF",75,72,63,63,74,55,47,NA,NA,NA
"977",NA,"Elfrid Payton","PG",75,74,46,80,74,60,50,NA,NA,NA
"978",NA,"Taj Gibson","PF",75,75,65,35,58,56,69,NA,NA,NA
"979",NA,"Nemanja Bjelica","PF/SF",75,77,61,56,60,52,61,NA,NA,NA
"980",NA,"Dewayne Dedmon","C",75,77,56,39,59,67,75,NA,NA,NA
"981",NA,"Trevor Ariza","SF/PF",75,68,51,65,71,65,44,NA,NA,NA
"982",NA,"Emmanuel Mudiay","PG/SG",75,79,53,76,75,53,40,NA,NA,NA
"983",NA,"Nicolas Batum","SF",75,72,57,71,65,63,46,NA,NA,NA
"984",NA,"Miles Bridges","SF/PF",75,75,64,69,75,57,54,NA,NA,NA
"985",NA,"Marvin Williams","PF",75,75,64,62,66,56,53,NA,NA,NA
"986",NA,"Cody Zeller","C",75,72,70,42,66,55,71,NA,NA,NA
"987",NA,"Michael Kidd-Gilchrist","PF/SF",75,66,61,64,74,69,59,NA,NA,NA
"988",NA,"Ed Davis","C/PF",75,49,60,39,61,47,84,NA,NA,NA
"989",NA,"Jeff Green","PF",75,73,69,64,64,54,42,NA,NA,NA
"990",NA,"Willy Hernangomez","C",75,68,66,32,56,52,86,NA,NA,NA
"991",NA,"Alex Len","C",75,73,67,33,58,56,74,NA,NA,NA
"992",NA,"Meyers Leonard","C",75,84,57,38,53,48,66,NA,NA,NA
"993",NA,"Dion Waiters","SG/SF",75,73,58,75,72,55,36,NA,NA,NA
"994",NA,"Ersan Ilyasova","PF/C",75,76,58,55,54,53,62,NA,NA,NA
"995",NA,"Wesley Matthews","SG/SF",75,76,63,72,69,62,35,NA,NA,NA
"996",NA,"Mike Scott","PF",74,77,65,40,61,53,53,NA,NA,NA
"997",NA,"James Johnson","PF",74,69,64,75,68,60,44,NA,NA,NA
"998",NA,"Cameron Reddish","SF",74,70,54,67,73,60,38,NA,NA,NA
"999",NA,"Damian Jones","C",74,65,68,38,70,58,58,NA,NA,NA
"1000",NA,"Malik Monk","SG",74,78,53,71,75,56,39,NA,NA,NA
"1001",NA,"Dante Exum","PG/SG",74,71,43,80,75,61,41,NA,NA,NA
"1002",NA,"Bismack Biyombo","C",74,54,60,42,60,60,78,NA,NA,NA
"1003",NA,"Richaun Holmes","C/PF",74,70,68,50,63,56,76,NA,NA,NA
"1004",NA,"Wayne Ellington","SG",74,82,50,73,68,49,36,NA,NA,NA
"1005",NA,"Damyean Dotson","SG/SF",74,80,48,63,70,50,42,NA,NA,NA
"1006",NA,"Cedi Osman","SF/PF",74,74,50,68,67,58,44,NA,NA,NA
"1007",NA,"John Henson","C",74,69,65,40,59,61,76,NA,NA,NA
"1008",NA,"Kris Dunn","PG",74,77,50,78,75,62,42,NA,NA,NA
"1009",NA,"Tomas Satoransky","SG",74,67,53,80,70,58,44,NA,NA,NA
"1010",NA,"Kyle Korver","SG/SF",74,81,42,71,52,51,38,NA,NA,NA
"1011",NA,"George Hill","PG/SG",74,78,45,79,74,61,40,NA,NA,NA
"1012",NA,"Robin Lopez","C",74,72,69,43,55,58,59,NA,NA,NA
"1013",NA,"Luke Kennard","SG/SF",74,84,49,62,63,43,43,NA,NA,NA
"1014",NA,"Markieff Morris","PF/C",74,70,68,51,60,52,55,NA,NA,NA
"1015",NA,"Josh Hart","SG/SF",74,73,52,73,76,62,44,NA,NA,NA
"1016",NA,"Rodions Kurucs","SF",74,76,50,57,66,51,54,NA,NA,NA
"1017",NA,"T.J. McConnell","PG",74,76,47,78,66,61,38,NA,NA,NA
"1018",NA,"Allonzo Trier","SG",74,78,52,77,69,48,43,NA,NA,NA
"1019",NA,"Boban Marjanovic","C",74,67,64,39,41,52,85,NA,NA,NA
"1020",NA,"Wilson Chandler","SF/PF",74,69,58,59,66,58,49,NA,NA,NA
"1021",NA,"Juan Hernangomez","SF/PF",74,77,56,60,65,56,57,NA,NA,NA
"1022",NA,"Maxi Kleber","C/PF",73,77,65,45,56,55,59,NA,NA,NA
"1023",NA,"Justin Jackson","SF/PF",73,73,49,61,67,46,39,NA,NA,NA
"1024",NA,"Seth Curry","PG/SG",73,84,43,72,71,46,37,NA,NA,NA
"1025",NA,"Michael Carter-Williams","SG",73,62,57,76,69,70,54,NA,NA,NA
"1026",NA,"Quinn Cook","PG",73,78,44,74,65,42,42,NA,NA,NA
"1027",NA,"Markelle Fultz","PG/SG",73,67,52,81,77,56,50,NA,NA,NA
"1028",NA,"T.J. Leaf","PF",73,66,66,54,61,50,66,NA,NA,NA
"1029",NA,"Doug McDermott","SF",73,76,62,54,54,44,32,NA,NA,NA
"1030",NA,"Torrey Craig","SF",73,70,49,54,57,68,53,NA,NA,NA
"1031",NA,"E'Twuan Moore","SG/SF",73,77,51,70,69,47,35,NA,NA,NA
"1032",NA,"Jaxson Hayes","C",73,58,65,33,64,61,64,NA,NA,NA
"1033",NA,"Nicolo Melli","PF",73,75,56,51,62,54,69,NA,NA,NA
"1034",NA,"Christian Wood","PF",73,74,60,30,57,53,69,NA,NA,NA
"1035",NA,"Denzel Valentine","SF",73,74,51,70,65,48,51,NA,NA,NA
"1036",NA,"Dillon Brooks","SG/SF",73,78,61,59,70,50,39,NA,NA,NA
"1037",NA,"Kyle Anderson","SF/PF",73,61,48,73,59,64,50,NA,NA,NA
"1038",NA,"Ivan Rabb","PF/C",73,62,61,35,61,44,71,NA,NA,NA
"1039",NA,"Robert Williams","C/PF",73,53,64,43,65,60,73,NA,NA,NA
"1040",NA,"Maurice Harkless","SF/PF",73,61,52,53,66,66,52,NA,NA,NA
"1041",NA,"Reggie Bullock","SG/SF",73,80,48,70,63,47,36,NA,NA,NA
"1042",NA,"Cory Joseph","PG/SG",73,71,44,81,66,64,43,NA,NA,NA
"1043",NA,"Harry Giles III","C/PF",73,72,70,59,66,55,70,NA,NA,NA
"1044",NA,"Yogi Ferrell","PG/SG",73,81,41,79,69,43,36,NA,NA,NA
"1045",NA,"Evan Turner","SF",73,66,50,73,70,56,51,NA,NA,NA
"1046",NA,"Chandler Parsons","SF/PF",73,71,57,66,61,57,41,NA,NA,NA
"1047",NA,"Derrick Jones Jr.","SF/PF",73,69,59,57,73,57,61,NA,NA,NA
"1048",NA,"Kyle O'Quinn","C",73,66,60,46,57,55,74,NA,NA,NA
"1049",NA,"Pat Connaughton","SG/SF",73,77,52,63,72,49,56,NA,NA,NA
"1050",NA,"James Ennis","SF/PF",72,70,58,63,57,59,46,NA,NA,NA
"1051",NA,"Furkan Korkmaz","SF/SG",72,74,53,59,67,49,45,NA,NA,NA
"1052",NA,"Jonah Bolden","PF",72,61,56,54,66,58,63,NA,NA,NA
"1053",NA,"Tyler Herro","SG",72,76,49,68,69,50,41,NA,NA,NA
"1054",NA,"Deandre Bembry","SF/SG",72,67,57,71,65,59,50,NA,NA,NA
"1055",NA,"Allen Crabbe","SG/SF",72,74,50,70,66,55,42,NA,NA,NA
"1056",NA,"Frank Ntilikina","SG/SF",72,69,43,76,71,62,36,NA,NA,NA
"1057",NA,"Dwayne Bacon","SF/SG",72,73,60,57,70,44,37,NA,NA,NA
"1058",NA,"Royce O'Neale","SF",72,70,59,60,64,59,46,NA,NA,NA
"1059",NA,"Semi Ojeleye","SF/PF",72,63,63,58,75,50,46,NA,NA,NA
"1060",NA,"Vincent Poirier","C",72,59,60,45,60,50,76,NA,NA,NA
"1061",NA,"Brad Wanamaker","PG/SG",72,79,51,69,67,42,37,NA,NA,NA
"1062",NA,"Brandon Clarke","SF/PF",72,57,58,55,69,66,57,NA,NA,NA
"1063",NA,"Tyus Jones","PG",72,78,47,76,67,53,37,NA,NA,NA
"1064",NA,"Sterling Brown","SG/SF",72,75,49,67,65,52,49,NA,NA,NA
"1065",NA,"Ante Zizic","C",72,63,64,35,60,47,74,NA,NA,NA
"1066",NA,"Matthew Dellavedova","PG/SG",72,69,39,76,66,55,35,NA,NA,NA
"1067",NA,"Sekou Doumbouya","SF/PF",72,64,63,43,74,50,54,NA,NA,NA
"1068",NA,"Tony Snell","SF",72,70,49,68,67,62,41,NA,NA,NA
"1069",NA,"Bruce Brown","SG/SF",72,68,43,66,76,64,44,NA,NA,NA
"1070",NA,"Aaron Holiday","PG",72,77,45,78,69,55,37,NA,NA,NA
"1071",NA,"Alex Caruso","SG",72,72,50,73,73,57,45,NA,NA,NA
"1072",NA,"Dorian Finney-Smith","SF/PF",72,68,49,58,63,61,57,NA,NA,NA
"1073",NA,"Garrett Temple","SF/SG",72,71,45,69,59,62,35,NA,NA,NA
"1074",NA,"David Nwaba","SF/PF",72,69,51,50,70,65,47,NA,NA,NA
"1075",NA,"Courtney Lee","SG",71,70,52,66,64,55,37,NA,NA,NA
"1076",NA,"Ryan Broekhoff","SG/SF",71,78,52,63,62,47,43,NA,NA,NA
"1077",NA,"Troy Daniels","SG",71,78,44,59,66,43,35,NA,NA,NA
"1078",NA,"Jared Dudley","PF",71,73,46,53,56,59,40,NA,NA,NA
"1079",NA,"Wesley Iwundu","SF/SG",71,72,51,63,62,55,44,NA,NA,NA
"1080",NA,"Goga Bitadze","C",71,70,65,59,61,42,64,NA,NA,NA
"1081",NA,"Justin Holiday","SG/SF",71,74,47,59,62,64,39,NA,NA,NA
"1082",NA,"Nicolas Claxton","C",71,64,62,42,67,53,64,NA,NA,NA
"1083",NA,"Tim Frazier","PG",71,72,45,78,70,46,44,NA,NA,NA
"1084",NA,"Langston Galloway","SG",71,73,45,71,69,46,38,NA,NA,NA
"1085",NA,"Kenrich Williams","SF/PF",71,67,50,64,67,58,56,NA,NA,NA
"1086",NA,"Nickeil Alexander-Walker","SG",71,69,52,72,67,61,41,NA,NA,NA
"1087",NA,"Darius Miller","SF",71,72,46,52,64,45,30,NA,NA,NA
"1088",NA,"Thon Maker","C",71,69,63,51,69,54,56,NA,NA,NA
"1089",NA,"Brandon Knight","SG/PG",71,70,45,70,71,49,31,NA,NA,NA
"1090",NA,"Kevin Porter JR.","SG/SF",71,65,49,68,73,55,49,NA,NA,NA
"1091",NA,"Antonio Blakeney","SG",71,74,49,58,70,43,39,NA,NA,NA
"1092",NA,"Ryan Ardidiacono","PG",71,78,42,77,62,46,36,NA,NA,NA
"1093",NA,"Cristiano Felicio","C/PF",71,61,60,35,68,45,77,NA,NA,NA
"1094",NA,"D.J. Wilson","PF/C",71,65,59,60,62,47,58,NA,NA,NA
"1095",NA,"Donte Divincenzo","SG",71,65,47,69,75,51,44,NA,NA,NA
"1096",NA,"Chandler Hutchison","SF/PF",71,64,53,60,68,51,53,NA,NA,NA
"1097",NA,"Grayson Allen","SG",71,72,48,67,70,51,28,NA,NA,NA
"1098",NA,"De'Anthony Melton","PG/SG",71,69,48,71,68,66,42,NA,NA,NA
"1099",NA,"Mfiondu Kabengele","PF/C",71,64,55,38,65,53,62,NA,NA,NA
"1100",NA,"Romeo Langford","SG",71,68,50,70,74,52,47,NA,NA,NA
"1101",NA,"Grant Williams","PF",71,70,54,62,63,59,55,NA,NA,NA
"1102",NA,"Rodney McGruder","SG/SF",71,67,47,67,65,61,46,NA,NA,NA
"1103",NA,"Georges Niang","SF/PF",71,72,55,61,54,45,44,NA,NA,NA
"1104",NA,"Nigel Williams-Goss","PG/SG",71,73,39,76,69,52,34,NA,NA,NA
"1105",NA,"P.J. Washington","PF",71,67,59,52,68,53,64,NA,NA,NA
"1106",NA,"Zhaire Smith","SG",71,65,51,56,76,58,38,NA,NA,NA
"1107",NA,"Raul Neto","PG",71,70,45,73,68,58,40,NA,NA,NA
"1108",NA,"Matisse Thybulle","SG/SF",71,65,45,62,66,70,37,NA,NA,NA
"1109",NA,"Shake Milton","SG/SF",70,73,47,68,67,47,42,NA,NA,NA
"1110",NA,"Kezie Okpala","SF",70,63,55,59,69,53,46,NA,NA,NA
"1111",NA,"Bruno Fernando","C",70,61,64,49,67,53,66,NA,NA,NA
"1112",NA,"Jerome Robinson","SF/SG",70,70,44,71,68,48,37,NA,NA,NA
"1113",NA,"Carsen Edwards","PG",70,75,43,74,67,46,37,NA,NA,NA
"1114",NA,"Luke Kornet","C/PF",70,74,59,46,53,51,49,NA,NA,NA
"1115",NA,"Frank Mason III","PG",70,69,45,73,73,47,36,NA,NA,NA
"1116",NA,"Daniel Gafford","PF/C",70,48,54,35,62,51,65,NA,NA,NA
"1117",NA,"Dylan Windler","SF/SG",70,70,40,58,63,48,57,NA,NA,NA
"1118",NA,"Frank Jackson","PG",70,74,48,67,78,47,40,NA,NA,NA
"1119",NA,"Edmond Sumner","SG",70,65,53,61,74,56,43,NA,NA,NA
"1120",NA,"Jakarr Sampson","SF",70,63,45,51,60,60,53,NA,NA,NA
"1121",NA,"Dzanan Musa","SG/SF",70,71,56,64,68,54,35,NA,NA,NA
"1122",NA,"Theo Pinson","SF/SG",69,64,50,50,66,55,45,NA,NA,NA
"1123",NA,"Jarred Vanderbilt","PF/SF",69,54,51,49,65,57,64,NA,NA,NA
"1124",NA,"Mevin Frazier JR.","SG/SF",69,62,44,58,71,57,38,NA,NA,NA
"1125",NA,"Amile Jefferson","PF/C",69,57,60,50,62,48,66,NA,NA,NA
"1126",NA,"Greg Oden","C",69,54,65,31,60,56,65,NA,NA,NA
"1127",NA,"Talen Horton-Tucker","SG/SF",69,65,48,63,65,61,41,NA,NA,NA
"1128",NA,"Kostas Antetokounmpo","PF/C",69,47,57,35,58,48,66,NA,NA,NA
"1129",NA,"Alize Johnson","PF",69,62,54,58,54,46,71,NA,NA,NA
"1130",NA,"Khyri Thomas","SG",69,67,42,61,70,62,37,NA,NA,NA
"1131",NA,"Sviatoslav Mykhailiuk","SF/SG",69,67,47,63,70,43,35,NA,NA,NA
"1132",NA,"Thanasis Antetokounmpo","SF/SG",69,61,53,54,69,48,44,NA,NA,NA
"1133",NA,"Terance Mann","SG/SF",69,67,54,72,67,52,41,NA,NA,NA
"1134",NA,"Johnathan Motley","PF/C",69,60,57,45,63,45,66,NA,NA,NA
"1135",NA,"Solomon Hill","SF/PF",69,62,46,53,63,55,42,NA,NA,NA
"1136",NA,"Miles Plumlee","C",69,51,60,40,61,57,64,NA,NA,NA
"1137",NA,"Yante Maten","PF/C",69,70,57,48,59,47,48,NA,NA,NA
"1138",NA,"Kendrick Nunn","SG",69,68,50,63,69,50,32,NA,NA,NA
"1139",NA,"Devonte Graham","PG",69,71,46,71,70,51,37,NA,NA,NA
"1140",NA,"Miye Oni","SG",69,68,46,61,69,57,49,NA,NA,NA
"1141",NA,"Tony Bradley","C",69,57,64,45,54,51,69,NA,NA,NA
"1142",NA,"Ignas Brazdeikis","SF",69,69,44,59,62,46,51,NA,NA,NA
"1143",NA,"Tyler Lydon","PF",69,66,54,51,60,48,49,NA,NA,NA
"1144",NA,"Caleb Swanigan","PF",69,58,59,41,49,39,73,NA,NA,NA
"1145",NA,"Justin James","SF",69,63,54,61,60,53,53,NA,NA,NA
"1146",NA,"Darko Milicic","C",69,49,61,37,53,51,70,NA,NA,NA
"1147",NA,"Jimmer Fredette","PG/SG",68,77,43,61,61,39,32,0,NA,NA
"1148",NA,"Brandon Goodwin","PG/SG",68,70,42,69,72,49,35,NA,NA,NA
"1149",NA,"Duncan Robinson","SF/PF",68,71,45,63,59,44,38,NA,NA,NA
"1150",NA,"Thomas Welsh","C",68,70,54,44,54,45,65,NA,NA,NA
